"","CASRN","SMILES","EndPt","Source"
"1","1120-21-4","CCCCCCCCCCC","RB","Mansouri"
"2","106-88-7","CCC1CO1","RB","Mansouri"
"3","112-50-5","CCOCCOCCOCCO","RB","Mansouri"
"4","64-18-6","OC=O","RB","Mansouri"
"5","124-17-4","CCCCOCCOCCOC(C)=O","RB","Mansouri"
"6","112-15-2","CCOCCOCCOC(C)=O","RB","Mansouri"
"7","75-75-2","C[S](O)(=O)=O","RB","Mansouri"
"8","25415-84-3","CCCCC(CC)COC(=O)CCC","RB","Mansouri"
"9","108-38-3","Cc1cccc(C)c1","RB","Mansouri"
"10","552-16-9","OC(=O)c1ccccc1[N+]([O-])=O","RB","Mansouri"
"11","91-64-5","O=C1Oc2ccccc2C=C1","RB","Mansouri"
"12","109-66-0","CCCCC","RB","Mansouri"
"13","107-83-5","CCCC(C)C","RB","Mansouri"
"14","110-54-3","CCCCCC","RB","Mansouri"
"15","111-84-2","CCCCCCCCC","RB","Mansouri"
"16","112-52-7","CCCCCCCCCCCCCl","RB","Mansouri"
"17","112-82-3","CCCCCCCCCCCCCCCCBr","RB","Mansouri"
"18","110-58-7","CCCCCN","RB","Mansouri"
"19","75-50-3","CN(C)C","RB","Mansouri"
"20","67-56-1","CO","RB","Mansouri"
"21","71-41-0","CCCCCO","RB","Mansouri"
"22","75-56-9","CC1CO1","RB","Mansouri"
"23","107-21-1","OCCO","RB","Mansouri"
"24","57-55-6","CC(O)CO","RB","Mansouri"
"25","584-03-2","CCC(O)CO","RB","Mansouri"
"26","107-19-7","OCC#C","RB","Mansouri"
"27","107-98-2","COCC(C)O","RB","Mansouri"
"28","111-76-2","CCCCOCCO","RB","Mansouri"
"29","123-38-6","CCC=O","RB","Mansouri"
"30","5392-40-5","CC(C)=CCC\C(C)=C/C=O","RB","Mansouri"
"31","563-80-4","CC(C)C(C)=O","RB","Mansouri"
"32","67-64-1","CC(C)=O","RB","Mansouri"
"33","88-09-5","CCC(CC)C(O)=O","RB","Mansouri"
"34","65119-95-1","OC(=O)CCCCCCCCCCCCCCCCCCCCC=C","RB","Mansouri"
"35","79-20-9","COC(C)=O","RB","Mansouri"
"36","141-78-6","CCOC(C)=O","RB","Mansouri"
"37","108-05-4","CC(=O)OC=C","RB","Mansouri"
"38","110-49-6","COCCOC(C)=O","RB","Mansouri"
"39","105-38-4","CCC(=O)OC=C","RB","Mansouri"
"40","3050-69-9","CCCCCC(=O)OC=C","RB","Mansouri"
"41","77-68-9","CC(C)C(O)C(C)(C)COC(=O)C(C)C","RB","Mansouri"
"42","106-65-0","COC(=O)CCC(=O)OC","RB","Mansouri"
"43","105-99-7","CCCCOC(=O)CCCCC(=O)OCCCC","RB","Mansouri"
"44","103-24-2","CCCCC(CC)COC(=O)CCCCCCCC(=O)OCC(CC)CCCC","RB","Mansouri"
"45","112-62-9","CCCCCCCC\C=C/CCCCCCCC(=O)OC","RB","Mansouri"
"46","79-41-4","CC(=C)C(O)=O","RB","Mansouri"
"47","80-62-6","COC(=O)C(C)=C","RB","Mansouri"
"48","106-91-2","CC(=C)C(=O)OCC1CO1","RB","Mansouri"
"49","868-77-9","CC(=C)C(=O)OCCO","RB","Mansouri"
"50","2358-84-1","CC(=C)C(=O)OCCOCCOC(=O)C(C)=C","RB","Mansouri"
"51","623-91-6","CCOC(=O)\C=C\C(=O)OCC","RB","Mansouri"
"52","79-43-6","OC(=O)C(Cl)Cl","RB","Mansouri"
"53","683-10-3","CCCCCCCCCCCC[N+](C)(C)CC([O-])=O","RB","Mansouri"
"54","617-45-8","NC(CC(O)=O)C(O)=O","RB","Mansouri"
"55","298-12-4","OC(=O)C=O","RB","Mansouri"
"56","372-09-8","OC(=O)CC#N","RB","Mansouri"
"57","4292-10-8","CCCCCCCCCCCC(=O)NCCC[N+](C)(C)CC([O-])=O","RB","Mansouri"
"58","78-83-1","CC(C)CO","RB","Mansouri"
"59","103429-90-9","COC(C)(C)CCOC(C)=O","RB","Mansouri"
"60","620-17-7","CCc1cccc(O)c1","RB","Mansouri"
"61","123-07-9","CCc1ccc(O)cc1","RB","Mansouri"
"62","105-67-9","Cc1ccc(O)c(C)c1","RB","Mansouri"
"63","91-16-7","COc1ccccc1OC","RB","Mansouri"
"64","140-11-4","CC(=O)OCc1ccccc1","RB","Mansouri"
"65","104-54-1","OC/C=C/c1ccccc1","RB","Mansouri"
"66","123-08-0","Oc1ccc(C=O)cc1","RB","Mansouri"
"67","121-33-5","COc1cc(C=O)ccc1O","RB","Mansouri"
"68","118-90-1","Cc1ccccc1C(O)=O","RB","Mansouri"
"69","131-11-3","COC(=O)c1ccccc1C(=O)OC","RB","Mansouri"
"70","84-69-5","CC(C)COC(=O)c1ccccc1C(=O)OCC(C)C","RB","Mansouri"
"71","1459-93-4","COC(=O)c1cccc(c1)C(=O)OC","RB","Mansouri"
"72","552-30-7","OC(=O)c1ccc2C(=O)OC(=O)c2c1","RB","Mansouri"
"73","120-51-4","O=C(OCc1ccccc1)c2ccccc2","RB","Mansouri"
"74","99-96-7","OC(=O)c1ccc(O)cc1","RB","Mansouri"
"75","98-67-9","Oc1ccc(cc1)[S](O)(=O)=O","RB","Mansouri"
"76","99-85-4","CC(C)C1=CCC(=CC1)C","RB","Mansouri"
"77","108-93-0","OC1CCCCC1","RB","Mansouri"
"78","5726-19-2","CC1CCCCC1OC(C)=O","RB","Mansouri"
"79","115-86-6","O=[P](Oc1ccccc1)(Oc2ccccc2)Oc3ccccc3","RB","Mansouri"
"80","104-87-0","Cc1ccc(C=O)cc1","RB","Mansouri"
"81","76-22-2","CC1(C)C2CCC1(C)C(=O)C2","RB","Mansouri"
"82","80-56-8","CC1=CCC2CC1C2(C)C","RB","Mansouri"
"83","507-70-0","CC1(C)[C@@H]2CC[C@@]1(C)[C@@H](O)C2","RB","Mansouri"
"84","674-82-8","C=C1CC(=O)O1","RB","Mansouri"
"85","87-41-2","O=C1OCc2ccccc12","RB","Mansouri"
"86","98-01-1","O=Cc1occc1","RB","Mansouri"
"87","97-99-4","OCC1CCCO1","RB","Mansouri"
"88","85-41-6","O=C1NC(=O)c2ccccc12","RB","Mansouri"
"89","872-50-4","CN1CCCC1=O","RB","Mansouri"
"90","120-72-9","[nH]1ccc2ccccc12","RB","Mansouri"
"91","1120-71-4","O=[S]1(=O)CCCO1","RB","Mansouri"
"92","4719-04-4","OCCN1CN(CCO)CN(CCO)C1","RB","Mansouri"
"93","26226-72-2","CCOC(=O)c1ccc(NC(=O)CCl)cc1","RB","Mansouri"
"94","987-78-0","C[N+](C)(C)O[P]([O-])(=O)O[P](O)(=O)OC[C@H]1O[C@H]([C@H](O)[C@@H]1O)N2C=CC(=NC2=O)N","RB","Mansouri"
"95","150-30-1","NC(Cc1ccccc1)C(O)=O","RB","Mansouri"
"96","56-89-3","N[C@@H](CSSC[C@H](N)C(O)=O)C(O)=O","RB","Mansouri"
"97","112-95-8","CCCCCCCCCCCCCCCCCCCC","RB","Mansouri"
"98","78-81-9","CC(C)CN","RB","Mansouri"
"99","124-40-3","CNC","RB","Mansouri"
"100","109-89-7","CCNCC","RB","Mansouri"
"101","64-17-5","CCO","RB","Mansouri"
"102","67-63-0","CC(C)O","RB","Mansouri"
"103","104-76-7","CCCCC(CC)CO","RB","Mansouri"
"104","111-87-5","CCCCCCCCO","RB","Mansouri"
"105","112-70-9","CCCCCCCCCCCCCO","RB","Mansouri"
"106","546-68-9","CC(C)O[Ti](OC(C)C)(OC(C)C)OC(C)C","RB","Mansouri"
"107","110-63-4","OCCCCO","RB","Mansouri"
"108","143-28-2","CCCCCCCCC=CCCCCCCCCO","RB","Mansouri"
"109","107-18-6","OCC=C","RB","Mansouri"
"110","141-43-5","NCCO","RB","Mansouri"
"111","2517-43-3","COC(C)CCO","RB","Mansouri"
"112","75-07-0","CC=O","RB","Mansouri"
"113","78-84-2","CC(C)C=O","RB","Mansouri"
"114","108-10-1","CC(C)CC(C)=O","RB","Mansouri"
"115","123-54-6","CC(=O)CC(C)=O","RB","Mansouri"
"116","60-33-3","CCCCC\C=C/C/C=C\CCCCCCCC(O)=O","RB","Mansouri"
"117","123-62-6","CCC(=O)OC(=O)CC","RB","Mansouri"
"118","105-74-8","CCCCCCCCCCCC(=O)OOC(=O)CCCCCCCCCCC","RB","Mansouri"
"119","7360-38-5","CCCCC(CC)C(=O)OCC(COC(=O)C(CC)CCCC)OC(=O)C(CC)CCCC","RB","Mansouri"
"120","105-46-4","CCC(C)OC(C)=O","RB","Mansouri"
"121","111-15-9","CCOCCOC(C)=O","RB","Mansouri"
"122","626-86-8","CCOC(=O)CCCCC(O)=O","RB","Mansouri"
"123","40677-77-8","CCCCCCCC\C=C/CCCCCCCCOC(=O)CCCCC(=O)OCCCCCCCC\C=C/CCCCCCCC","RB","Mansouri"
"124","111-20-6","OC(=O)CCCCCCCCC(O)=O","RB","Mansouri"
"125","821-38-5","OC(=O)CCCCCCCCCCCCC(O)=O","RB","Mansouri"
"126","141-17-3","CCCCOCCOCCOC(=O)CCCCC(=O)OCCOCCOCCCC","RB","Mansouri"
"127","105-53-3","CCOC(=O)CC(=O)OCC","RB","Mansouri"
"128","123-28-4","CCCCCCCCCCCCOC(=O)CCSCCC(=O)OCCCCCCCCCCCC","RB","Mansouri"
"129","95-92-1","CCOC(=O)C(=O)OCC","RB","Mansouri"
"130","688-84-6","CCCCC(CC)COC(=O)C(C)=C","RB","Mansouri"
"131","97-88-1","CCCCOC(=O)C(C)=C","RB","Mansouri"
"132","32360-05-7","CCCCCCCCCCCCCCCCCCOC(=O)C(C)=C","RB","Mansouri"
"133","110-16-7","OC(=O)\C=C/C(O)=O","RB","Mansouri"
"134","79-14-1","OCC(O)=O","RB","Mansouri"
"135","13562-76-0","CCC(C)OC(=O)CC(C)=O","RB","Mansouri"
"136","126-98-7","CC(=C)C#N","RB","Mansouri"
"137","107-68-6","CNCC[S](O)(=O)=O","RB","Mansouri"
"138","541-41-3","CCOC(Cl)=O","RB","Mansouri"
"139","2627-35-2","CCCCCCCCCCCCO[P](O)(O)=O","RB","Mansouri"
"140","123-35-3","CC(C)=CCCC(=C)C=C","RB","Mansouri"
"141","556-52-5","OCC1CO1","RB","Mansouri"
"142","928-96-1","CC\C=C/CCO","RB","Mansouri"
"143","5131-66-8","CCCCOCC(C)O","RB","Mansouri"
"144","95-08-9","CCC(CC)C(=O)OCCOCCOCCOC(=O)C(CC)CC","RB","Mansouri"
"145","869-29-4","CC(=O)OC(OC(C)=O)C=C","RB","Mansouri"
"146","1758-73-2","NC(=N)[S](O)=O","RB","Mansouri"
"147","99-87-6","CC(C)c1ccc(C)cc1","RB","Mansouri"
"148","64-04-0","NCCc1ccccc1","RB","Mansouri"
"149","108-95-2","Oc1ccccc1","RB","Mansouri"
"150","120-80-9","Oc1ccccc1O","RB","Mansouri"
"151","150-76-5","COc1ccc(O)cc1","RB","Mansouri"
"152","93-15-2","COc1ccc(CC=C)cc1OC","RB","Mansouri"
"153","88-06-2","Oc1c(Cl)cc(Cl)cc1Cl","RB","Mansouri"
"154","122-03-2","CC(C)c1ccc(C=O)cc1","RB","Mansouri"
"155","121-32-4","CCOc1cc(C=O)ccc1O","RB","Mansouri"
"156","89-32-7","O=C1OC(=O)c2cc3C(=O)OC(=O)c3cc12","RB","Mansouri"
"157","84-66-2","CCOC(=O)c1ccccc1C(=O)OCC","RB","Mansouri"
"158","85-68-7","CCCCOC(=O)c1ccccc1C(=O)OCc2ccccc2","RB","Mansouri"
"159","131-17-9","C=CCOC(=O)c1ccccc1C(=O)OCC=C","RB","Mansouri"
"160","120-61-6","COC(=O)c1ccc(cc1)C(=O)OC","RB","Mansouri"
"161","536-66-3","CC(C)c1ccc(cc1)C(O)=O","RB","Mansouri"
"162","85-44-9","O=C1OC(=O)c2ccccc12","RB","Mansouri"
"163","94-36-0","O=C(OOC(=O)c1ccccc1)c2ccccc2","RB","Mansouri"
"164","1726-23-4","CCCCOC(=O)c1ccc(C(=O)OCCCC)c(c1)C(=O)OCCCC","RB","Mansouri"
"165","65-85-0","OC(=O)c1ccccc1","RB","Mansouri"
"166","150-13-0","Nc1ccc(cc1)C(O)=O","RB","Mansouri"
"167","87-20-7","CC(C)CCOC(=O)c1ccccc1O","RB","Mansouri"
"168","69-72-7","OC(=O)c1ccccc1O","RB","Mansouri"
"169","50-78-2","CC(=O)Oc1ccccc1C(O)=O","RB","Mansouri"
"170","2881-83-6","CCOC(=O)CC(=O)c1ccc(OC)cc1","RB","Mansouri"
"171","98-11-3","O[S](=O)(=O)c1ccccc1","RB","Mansouri"
"172","108-94-1","O=C1CCCCC1","RB","Mansouri"
"173","93-09-4","OC(=O)c1ccc2ccccc2c1","RB","Mansouri"
"174","120-57-0","O=Cc1ccc2OCOc2c1","RB","Mansouri"
"175","626-64-2","O=C1C=CNC=C1","RB","Mansouri"
"176","93-10-7","OC(=O)c1ccc2ccccc2n1","RB","Mansouri"
"177","828-00-2","CC1CC(OC(C)O1)OC(C)=O","RB","Mansouri"
"178","105-60-2","O=C1CCCCCN1","RB","Mansouri"
"179","50-70-4","OC[C@H](O)[C@@H](O)[C@H](O)[C@H](O)CO","RB","Mansouri"
"180","1338-41-6","CCCCCCCCCCCCCCCCCC(=O)OCC(O)[C@H]1OC[C@@H](O)[C@@H]1O","RB","Mansouri"
"181","72-87-7","CC(=O)NC1C(O)OC(CO)C(O)C1O","RB","Mansouri"
"182","6291-84-5","CNCCCN","RB","Mansouri"
"183","1120-48-5","CCCCCCCCNCCCCCCCC","RB","Mansouri"
"184","506-52-5","CCCCCCCCCCCCCCCCCCCCCCCCCCO","RB","Mansouri"
"185","123-96-6","CCCCCCC(C)O","RB","Mansouri"
"186","19780-16-6","CCCCCCCCCCCCCCCCCCC1CO1","RB","Mansouri"
"187","4457-71-0","CC(CCO)CCO","RB","Mansouri"
"188","141-79-7","CC(C)=CC(C)=O","RB","Mansouri"
"189","64-19-7","CC(O)=O","RB","Mansouri"
"190","627-83-8","CCCCCCCCCCCCCCCCCC(=O)OCCOC(=O)CCCCCCCCCCCCCCCCC","RB","Mansouri"
"191","103-23-1","CCCCC(CC)COC(=O)CCCCC(=O)OCC(CC)CCCC","RB","Mansouri"
"192","2432-87-3","CCCCCCCCOC(=O)CCCCCCCCC(=O)OCCCCCCCC","RB","Mansouri"
"193","111-17-1","OC(=O)CCSCCC(O)=O","RB","Mansouri"
"194","79-06-1","NC(=O)C=C","RB","Mansouri"
"195","105-16-8","CCN(CC)CCOC(=O)C(C)=C","RB","Mansouri"
"196","1852-16-0","CCCCOCNC(=O)C=C","RB","Mansouri"
"197","110-17-8","OC(=O)/C=C/C(O)=O","RB","Mansouri"
"198","50-21-5","CC(O)C(O)=O","RB","Mansouri"
"199","617-48-1","OC(CC(O)=O)C(O)=O","RB","Mansouri"
"200","105-45-3","COC(=O)CC(C)=O","RB","Mansouri"
"201","142-22-3","C=CCOC(=O)OCCOCCOC(=O)OCC=C","RB","Mansouri"
"202","6104-30-9","CC(C)C(NC(N)=O)NC(N)=O","RB","Mansouri"
"203","110-93-0","CC(C)=CCCC(C)=O","RB","Mansouri"
"204","100-44-7","ClCc1ccccc1","RB","Mansouri"
"205","102-01-2","CC(=O)CC(=O)Nc1ccccc1","RB","Mansouri"
"206","2415-85-2","CC(=O)CC(=O)Nc1ccc(C)cc1","RB","Mansouri"
"207","588-46-5","CC(=O)NCc1ccccc1","RB","Mansouri"
"208","501-24-6","CCCCCCCCCCCCCCCc1cccc(O)c1","RB","Mansouri"
"209","123-31-9","Oc1ccc(O)cc1","RB","Mansouri"
"210","122-00-9","CC(=O)c1ccc(C)cc1","RB","Mansouri"
"211","28553-12-0","CC(C)CCCCCCOC(=O)c1ccccc1C(=O)OCCCCCCC(C)C","RB","Mansouri"
"212","121-91-5","OC(=O)c1cccc(c1)C(O)=O","RB","Mansouri"
"213","136-36-7","Oc1cccc(OC(=O)c2ccccc2)c1","RB","Mansouri"
"214","586-62-9","CC(C)=C1CCC(=CC1)C","RB","Mansouri"
"215","101-83-7","C1CCC(CC1)NC2CCCCC2","RB","Mansouri"
"216","15205-57-9","C(OP(OCc1ccccc1)OCc2ccccc2)c3ccccc3","RB","Mansouri"
"217","591-31-1","COc1cccc(C=O)c1","RB","Mansouri"
"218","92-66-0","Brc1ccc(cc1)c2ccccc2","RB","Mansouri"
"219","57-57-8","O=C1CCO1","RB","Mansouri"
"220","98-00-0","OCc1occc1","RB","Mansouri"
"221","96-48-0","O=C1CCCO1","RB","Mansouri"
"222","517-23-7","CC(=O)C1CCOC1=O","RB","Mansouri"
"223","108-32-7","CC1COC(=O)O1","RB","Mansouri"
"224","499-83-2","OC(=O)c1cccc(n1)C(O)=O","RB","Mansouri"
"225","56-40-6","NCC(O)=O","RB","Mansouri"
"226","461-72-3","O=C1CNC(=O)N1","RB","Mansouri"
"227","66-72-8","Cc1ncc(CO)c(C=O)c1O","RB","Mansouri"
"228","56-85-9","N[C@@H](CCC(N)=O)C(O)=O","RB","Mansouri"
"229","107-05-1","ClCC=C","RB","Mansouri"
"230","56-81-5","OCC(O)CO","RB","Mansouri"
"231","96-24-2","OCC(O)CCl","RB","Mansouri"
"232","108-01-0","CN(C)CCO","RB","Mansouri"
"233","34375-28-5","OCCNCO","RB","Mansouri"
"234","107-22-2","O=CC=O","RB","Mansouri"
"235","2724-58-5","CC(C)CCCCCCCCCCCCCCC(O)=O","RB","Mansouri"
"236","111-03-5","CCCCCCCC\C=C/CCCCCCCC(=O)OCC(O)CO","RB","Mansouri"
"237","60-35-5","CC(N)=O","RB","Mansouri"
"238","4435-53-4","COC(C)CCOC(C)=O","RB","Mansouri"
"239","142-77-8","CCCCCCCC/C=C/CCCCCCCC(=O)OCCCC","RB","Mansouri"
"240","79-10-7","OC(=O)C=C","RB","Mansouri"
"241","141-32-2","CCCCOC(=O)C=C","RB","Mansouri"
"242","96-05-9","CC(=C)C(=O)OCC=C","RB","Mansouri"
"243","74-79-3","N[C@@H](CCCN=C(N)N)C(O)=O","RB","Mansouri"
"244","8013-07-8","CCCCCC1OC1CC2OC2CCCCCCCC(=O)OCC(COC(=O)CCCCCCCC3OC3CC4OC4CCCCC)OC(=O)CCCCCCCC5OC5CC6OC6CCCCC","RB","Mansouri"
"245","2243-27-8","CCCCCCCCC#N","RB","Mansouri"
"246","75-05-8","CC#N","RB","Mansouri"
"247","105-56-6","CCOC(=O)CC#N","RB","Mansouri"
"248","2082-80-6","CCCCCCCCCCCCCCCCCCOP(OCCCCCCCCCCCCCCCCCC)OCCCCCCCCCCCCCCCCCC","RB","Mansouri"
"249","103-84-4","CC(=O)Nc1ccccc1","RB","Mansouri"
"250","100-46-9","NCc1ccccc1","RB","Mansouri"
"251","108-46-3","Oc1cccc(O)c1","RB","Mansouri"
"252","103-73-1","CCOc1ccccc1","RB","Mansouri"
"253","104-94-9","COc1ccc(N)cc1","RB","Mansouri"
"254","100-52-7","O=Cc1ccccc1","RB","Mansouri"
"255","98-86-2","CC(=O)c1ccccc1","RB","Mansouri"
"256","84-74-2","CCCCOC(=O)c1ccccc1C(=O)OCCCC","RB","Mansouri"
"257","117-81-7","CCCCC(CC)COC(=O)c1ccccc1C(=O)OCC(CC)CCCC","RB","Mansouri"
"258","62-23-7","OC(=O)c1ccc(cc1)[N+]([O-])=O","RB","Mansouri"
"259","149-91-7","OC(=O)c1cc(O)c(O)c(O)c1","RB","Mansouri"
"260","100-47-0","N#Cc1ccccc1","RB","Mansouri"
"261","108-91-8","NC1CCCCC1","RB","Mansouri"
"262","31906-04-4","CC(C)(O)CCCC1=CCC(CC1)C=O","RB","Mansouri"
"263","1745-81-9","Oc1ccccc1CC=C","RB","Mansouri"
"264","92-52-4","c1ccc(cc1)c2ccccc2","RB","Mansouri"
"265","96-49-1","O=C1OCCO1","RB","Mansouri"
"266","142-08-5","O=C1NC=CC=C1","RB","Mansouri"
"267","110-89-4","C1CCNCC1","RB","Mansouri"
"268","101-25-7","O=NN1CN2CN(C1)CN(C2)N=O","RB","Mansouri"
"269","69-65-8","OC[C@@H](O)[C@@H](O)[C@H](O)[C@H](O)CO","RB","Mansouri"
"270","3234-85-3","CCCCCCCCCCCCCCOC(=O)CCCCCCCCCCCCC","RB","Mansouri"
"271","629-62-9","CCCCCCCCCCCCCCC","RB","Mansouri"
"272","124-09-4","NCCCCCCN","RB","Mansouri"
"273","111-42-2","OCCNCCO","RB","Mansouri"
"274","693-36-7","CCCCCCCCCCCCCCCCCCOC(=O)CCSCCC(=O)OCCCCCCCCCCCCCCCCCC","RB","Mansouri"
"275","140-88-5","CCOC(=O)C=C","RB","Mansouri"
"276","103-11-7","CCCCCCCCOC(=O)C=C","RB","Mansouri"
"277","108-31-6","O=C1OC(=O)C=C1","RB","Mansouri"
"278","78-82-0","CC(C)C#N","RB","Mansouri"
"279","71-43-2","c1ccccc1","RB","Mansouri"
"280","100-66-3","COc1ccccc1","RB","Mansouri"
"281","90-04-0","COc1ccccc1N","RB","Mansouri"
"282","84-65-1","O=C1c2ccccc2C(=O)c3ccccc13","RB","Mansouri"
"283","1338-43-8","CCCCCCCC/C=C/CCCCCCCC(=O)OCC(O)C1OCC(O)C1O","RB","Mansouri"
"284","26266-57-9","CCCCCCCCCCCCCCCC(=O)OC[C@@H](O)[C@H]1OC[C@H](O)[C@H]1O","RB","Mansouri"
"285","102-47-6","ClCc1ccc(Cl)c(Cl)c1","NRB","Mansouri"
"286","538-75-0","C1CCC(CC1)N=C=NC2CCCCC2","NRB","Mansouri"
"287","935-79-5","O=C1OC(=O)C2CC=CCC12","NRB","Mansouri"
"288","307-55-1","OC(=O)C(F)(F)C(F)(F)C(F)(F)C(F)(F)C(F)(F)C(F)(F)C(F)(F)C(F)(F)C(F)(F)C(F)(F)C(F)(F)F","NRB","Mansouri"
"289","376-06-7","OC(=O)C(F)(F)C(F)(F)C(F)(F)C(F)(F)C(F)(F)C(F)(F)C(F)(F)C(F)(F)C(F)(F)C(F)(F)C(F)(F)C(F)(F)C(F)(F)F","NRB","Mansouri"
"290","118-74-1","Clc1c(Cl)c(Cl)c(Cl)c(Cl)c1Cl","NRB","Mansouri"
"291","732-26-3","CC(C)(C)c1cc(c(O)c(c1)C(C)(C)C)C(C)(C)C","NRB","Mansouri"
"292","4904-61-4","C\1C\C=C\CC\C=C\CC\C=C1","NRB","Mansouri"
"293","6731-36-8","CC1CC(C)(C)CC(C1)(OOC(C)(C)C)OOC(C)(C)C","NRB","Mansouri"
"294","595-90-4","c1ccc(cc1)[Sn](c2ccccc2)(c3ccccc3)c4ccccc4","NRB","Mansouri"
"295","52184-14-2","CC(C)(C)c1cc(N=Nc2ccccc2[N+]([O-])=O)c(O)c(c1)C(C)(C)C","NRB","Mansouri"
"296","1460-02-2","CC(C)(C)c1cc(cc(c1)C(C)(C)C)C(C)(C)C","NRB","Mansouri"
"297","92-86-4","Brc1ccc(cc1)c2ccc(Br)cc2","NRB","Mansouri"
"298","118-82-1","CC(C)(C)c1cc(Cc2cc(c(O)c(c2)C(C)(C)C)C(C)(C)C)cc(c1O)C(C)(C)C","NRB","Mansouri"
"299","115-32-2","OC(c1ccc(Cl)cc1)(c2ccc(Cl)cc2)C(Cl)(Cl)Cl","NRB","Mansouri"
"300","72-20-8","ClC1=C(Cl)C2(Cl)C3C4CC(C5OC45)C3C1(Cl)C2(Cl)Cl","NRB","Mansouri"
"301","309-00-2","ClC1=C(Cl)[C@]2(Cl)[C@@H]3[C@@H]4C[C@@H](C=C4)[C@@H]3[C@@]1(Cl)C2(Cl)Cl","NRB","Mansouri"
"302","57-74-9","ClC1CC2C(C1Cl)C3(Cl)C(=C(Cl)C2(Cl)C3(Cl)Cl)Cl","NRB","Mansouri"
"303","2668-47-5","CC(C)(C)c1cc(cc(c1O)C(C)(C)C)c2ccccc2","NRB","Mansouri"
"304","4979-32-2","C1CCC(CC1)N(Sc2sc3ccccc3n2)C4CCCCC4","NRB","Mansouri"
"305","127-90-2","ClC(COCC(Cl)C(Cl)(Cl)Cl)C(Cl)(Cl)Cl","NRB","Mansouri"
"306","12002-48-1","Clc1cccc(Cl)c1Cl","NRB","Mansouri"
"307","634-66-2","Clc1ccc(Cl)c(Cl)c1Cl","NRB","Mansouri"
"308","95-94-3","Clc1cc(Cl)c(Cl)cc1Cl","NRB","Mansouri"
"309","608-93-5","Clc1cc(Cl)c(Cl)c(Cl)c1Cl","NRB","Mansouri"
"310","1836-77-7","[O-][N+](=O)c1ccc(Oc2c(Cl)cc(Cl)cc2Cl)cc1","NRB","Mansouri"
"311","4821-19-6","Oc1c(cccc1C2CCCCC2)C3CCCCC3","NRB","Mansouri"
"312","101-81-5","C(c1ccccc1)c2ccccc2","NRB","Mansouri"
"313","42240-73-3","Nc1ccc(Cc2ccc(N)c(Cl)c2Cl)c(Cl)c1Cl","NRB","Mansouri"
"314","90-30-2","N(c1ccccc1)c2cccc3ccccc23","NRB","Mansouri"
"315","3030-47-5","CN(C)CCN(C)CCN(C)C","NRB","Mansouri"
"316","57-14-7","CN(C)N","NRB","Mansouri"
"317","52-51-7","OCC(Br)(CO)[N+]([O-])=O","NRB","Mansouri"
"318","115-10-6","COC","NRB","Mansouri"
"319","108-20-3","CC(C)OC(C)C","NRB","Mansouri"
"320","111-96-6","COCCOCCOC","NRB","Mansouri"
"321","624-92-0","CSSC","NRB","Mansouri"
"322","108-62-3","CC1OC(C)OC(C)OC(C)O1","NRB","Mansouri"
"323","144-48-9","NC(=O)CI","NRB","Mansouri"
"324","78-67-1","CC(C)(N=NC(C)(C)C#N)C#N","NRB","Mansouri"
"325","556-61-6","CN=C=S","NRB","Mansouri"
"326","60-34-4","CNN","NRB","Mansouri"
"327","1592-20-7","ClCc1ccc(C=C)cc1","NRB","Mansouri"
"328","117-08-8","Clc1c(Cl)c(Cl)c2C(=O)OC(=O)c2c1Cl","NRB","Mansouri"
"329","611-19-8","ClCc1ccccc1Cl","NRB","Mansouri"
"330","87-62-7","Cc1cccc(C)c1N","NRB","Mansouri"
"331","95-54-5","Nc1ccccc1N","NRB","Mansouri"
"332","108-44-1","Cc1cccc(N)c1","NRB","Mansouri"
"333","106-47-8","Nc1ccc(Cl)cc1","NRB","Mansouri"
"334","83-41-0","Cc1cccc(c1C)[N+]([O-])=O","NRB","Mansouri"
"335","100-14-1","[O-][N+](=O)c1ccc(CCl)cc1","NRB","Mansouri"
"336","5329-12-4","NNc1c(Cl)cc(Cl)cc1Cl","NRB","Mansouri"
"337","585-34-2","CC(C)(C)c1cccc(O)c1","NRB","Mansouri"
"338","95-87-4","Cc1ccc(C)c(O)c1","NRB","Mansouri"
"339","536-90-3","COc1cccc(N)c1","NRB","Mansouri"
"340","89-64-5","Oc1ccc(Cl)cc1[N+]([O-])=O","NRB","Mansouri"
"341","80-15-9","CC(C)(OO)c1ccccc1","NRB","Mansouri"
"342","873-32-5","Clc1ccccc1C#N","NRB","Mansouri"
"343","111-78-4","C\1C\C=C/CC\C=C1","NRB","Mansouri"
"344","2579-20-6","NCC1CCCC(CN)C1","NRB","Mansouri"
"345","106-86-5","OC1CCC(CC1O)C=C","NRB","Mansouri"
"346","80-10-4","Cl[Si](Cl)(c1ccccc1)c2ccccc2","NRB","Mansouri"
"347","605-71-0","[O-][N+](=O)c1cccc2c1cccc2[N+]([O-])=O","NRB","Mansouri"
"348","130-15-4","O=C1C=CC(=O)c2ccccc12","NRB","Mansouri"
"349","7417-99-4","O=C(Nc1ccc(Cc2ccc(NC(=O)N3CC3)cc2)cc1)N4CC4","NRB","Mansouri"
"350","693-98-1","Cc1[nH]ccn1","NRB","Mansouri"
"351","100-69-6","C=Cc1ccccn1","NRB","Mansouri"
"352","21587-74-6","NCCC[CH]1OC[C]2(CO1)CO[CH](CCCN)OC2","NRB","Mansouri"
"353","3347-22-6","O=C1C2=C(SC(=C(S2)C#N)C#N)C(=O)c3ccccc13","NRB","Mansouri"
"354","100-74-3","CCN1CCOCC1","NRB","Mansouri"
"355","140-31-8","NCCN1CCNCC1","NRB","Mansouri"
"356","85-40-5","O=C1NC(=O)C2CC=CCC12","NRB","Mansouri"
"357","2402-78-0","Clc1cccc(Cl)n1","NRB","Mansouri"
"358","26172-55-4","CN1SC(=CC1=O)Cl","NRB","Mansouri"
"359","2634-33-5","O=C1NSc2ccccc12","NRB","Mansouri"
"360","107-06-2","ClCCCl","NRB","Mansouri"
"361","527-84-4","CC(C)c1ccccc1C","NRB","Mansouri"
"362","63-74-1","Nc1ccc(cc1)[S](N)(=O)=O","NRB","Mansouri"
"363","131-56-6","Oc1ccc(c(O)c1)C(=O)c2ccccc2","NRB","Mansouri"
"364","1333-16-0","Oc1ccccc1Cc2ccccc2O","NRB","Mansouri"
"365","540-84-1","CC(C)CC(C)(C)C","NRB","Mansouri"
"366","56-23-5","ClC(Cl)(Cl)Cl","NRB","Mansouri"
"367","67-72-1","ClC(Cl)(Cl)C(Cl)(Cl)Cl","NRB","Mansouri"
"368","124-73-2","FC(F)(Br)C(F)(F)Br","NRB","Mansouri"
"369","626-23-3","CCC(C)NC(C)CC","NRB","Mansouri"
"370","123-77-3","NC(=O)N=NC(N)=O","NRB","Mansouri"
"371","15263-53-3","CN(C)C(CSC(N)=O)CSC(N)=O","NRB","Mansouri"
"372","78-51-3","CCCCOCCO[P](=O)(OCCOCCCC)OCCOCCCC","NRB","Mansouri"
"373","1461-25-2","CCCC[Sn](CCCC)(CCCC)CCCC","NRB","Mansouri"
"374","98-83-9","CC(=C)c1ccccc1","NRB","Mansouri"
"375","526-73-8","Cc1cccc(C)c1C","NRB","Mansouri"
"376","28106-30-1","CCc1ccccc1C=C","NRB","Mansouri"
"377","105-05-5","CCc1ccc(CC)cc1","NRB","Mansouri"
"378","141-93-5","CCc1cccc(CC)c1","NRB","Mansouri"
"379","1321-74-0","C=Cc1ccccc1C=C","NRB","Mansouri"
"380","98-81-7","BrC(=C)c1ccccc1","NRB","Mansouri"
"381","103-64-0","BrC=Cc1ccccc1","NRB","Mansouri"
"382","541-73-1","Clc1cccc(Cl)c1","NRB","Mansouri"
"383","106-46-7","Clc1ccc(Cl)cc1","NRB","Mansouri"
"384","95-50-1","Clc1ccccc1Cl","NRB","Mansouri"
"385","106-37-6","Brc1ccc(Br)cc1","NRB","Mansouri"
"386","95-73-8","Cc1ccc(Cl)cc1Cl","NRB","Mansouri"
"387","118-69-4","Cc1c(Cl)cccc1Cl","NRB","Mansouri"
"388","696-44-6","CNc1cccc(C)c1","NRB","Mansouri"
"389","122-39-4","N(c1ccccc1)c2ccccc2","NRB","Mansouri"
"390","554-00-7","Nc1ccc(Cl)cc1Cl","NRB","Mansouri"
"391","95-82-9","Nc1cc(Cl)ccc1Cl","NRB","Mansouri"
"392","60-09-3","Nc1ccc(cc1)N=Nc2ccccc2","NRB","Mansouri"
"393","88-74-4","Nc1ccccc1[N+]([O-])=O","NRB","Mansouri"
"394","89-63-4","Nc1ccc(Cl)cc1[N+]([O-])=O","NRB","Mansouri"
"395","3531-19-9","Nc1c(Cl)cc(cc1[N+]([O-])=O)[N+]([O-])=O","NRB","Mansouri"
"396","88-73-3","[O-][N+](=O)c1ccccc1Cl","NRB","Mansouri"
"397","25154-54-5","[O-][N+](=O)c1ccccc1[N+]([O-])=O","NRB","Mansouri"
"398","610-39-9","Cc1ccc(c(c1)[N+]([O-])=O)[N+]([O-])=O","NRB","Mansouri"
"399","25321-14-6","Cc1ccc(cc1[N+]([O-])=O)[N+]([O-])=O","NRB","Mansouri"
"400","121-86-8","Cc1ccc(cc1Cl)[N+]([O-])=O","NRB","Mansouri"
"401","118-83-2","[O-][N+](=O)c1ccc(Cl)cc1C(F)(F)F","NRB","Mansouri"
"402","97-00-7","[O-][N+](=O)c1ccc(Cl)c(c1)[N+]([O-])=O","NRB","Mansouri"
"403","99-54-7","[O-][N+](=O)c1ccc(Cl)c(Cl)c1","NRB","Mansouri"
"404","611-06-3","[O-][N+](=O)c1ccc(Cl)cc1Cl","NRB","Mansouri"
"405","102-06-7","NC(=N)N(c1ccccc1)c2ccccc2","NRB","Mansouri"
"406","4286-23-1","CC(=C)c1ccc(O)cc1","NRB","Mansouri"
"407","89-72-5","CCC(C)c1ccccc1O","NRB","Mansouri"
"408","99-71-8","CCC(C)c1ccc(O)cc1","NRB","Mansouri"
"409","140-66-9","CC(C)(C)CC(C)(C)c1ccc(O)cc1","NRB","Mansouri"
"410","27193-86-8","CCCCCCCCCCCCc1ccccc1O","NRB","Mansouri"
"411","120-95-6","CCC(C)(C)c1ccc(O)c(c1)C(C)(C)CC","NRB","Mansouri"
"412","96-76-4","CC(C)(C)c1ccc(O)c(c1)C(C)(C)C","NRB","Mansouri"
"413","2078-54-8","CC(C)c1cccc(C(C)C)c1O","NRB","Mansouri"
"414","2409-55-4","Cc1ccc(O)c(c1)C(C)(C)C","NRB","Mansouri"
"415","89-83-8","CC(C)c1ccc(C)cc1O","NRB","Mansouri"
"416","4130-42-1","CCc1cc(c(O)c(c1)C(C)(C)C)C(C)(C)C","NRB","Mansouri"
"417","88-26-6","CC(C)(C)c1cc(CO)cc(c1O)C(C)(C)C","NRB","Mansouri"
"418","101-53-1","Oc1ccc(Cc2ccccc2)cc1","NRB","Mansouri"
"419","67557-76-0","CCC(C)c1ccc(OCC2CO2)cc1","NRB","Mansouri"
"420","20367-35-5","CCCCOc1ccccc1OCCCC","NRB","Mansouri"
"421","25013-16-5","COc1ccc(O)c(c1)C(C)(C)C","NRB","Mansouri"
"422","91-23-6","COc1ccccc1[N+]([O-])=O","NRB","Mansouri"
"423","2042-14-0","Cc1ccc(O)cc1[N+]([O-])=O","NRB","Mansouri"
"424","2581-34-2","Cc1cc(O)ccc1[N+]([O-])=O","NRB","Mansouri"
"425","5428-54-6","Cc1ccc(cc1O)[N+]([O-])=O","NRB","Mansouri"
"426","88-85-7","CCC(C)c1cc(cc(c1O)[N+]([O-])=O)[N+]([O-])=O","NRB","Mansouri"
"427","95-57-8","Oc1ccccc1Cl","NRB","Mansouri"
"428","108-43-0","Oc1cccc(Cl)c1","NRB","Mansouri"
"429","106-41-2","Oc1ccc(Br)cc1","NRB","Mansouri"
"430","591-20-8","Oc1cccc(Br)c1","NRB","Mansouri"
"431","95-56-7","Oc1ccccc1Br","NRB","Mansouri"
"432","29772-02-9","Clc1ccc(OCOCC#CI)cc1","NRB","Mansouri"
"433","59-50-7","Cc1cc(O)ccc1Cl","NRB","Mansouri"
"434","120-83-2","Oc1ccc(Cl)cc1Cl","NRB","Mansouri"
"435","615-58-7","Oc1ccc(Br)cc1Br","NRB","Mansouri"
"436","576-24-9","Oc1cccc(Cl)c1Cl","NRB","Mansouri"
"437","87-65-0","Oc1c(Cl)cccc1Cl","NRB","Mansouri"
"438","95-77-2","Oc1ccc(Cl)c(Cl)c1","NRB","Mansouri"
"439","591-35-5","Oc1cc(Cl)cc(Cl)c1","NRB","Mansouri"
"440","609-89-2","Oc1c(Cl)cc(Cl)cc1[N+]([O-])=O","NRB","Mansouri"
"441","103-50-4","C(OCc1ccccc1)c2ccccc2","NRB","Mansouri"
"442","119-61-9","O=C(c1ccccc1)c2ccccc2","NRB","Mansouri"
"443","623-26-7","N#Cc1ccc(cc1)C#N","NRB","Mansouri"
"444","1897-45-6","Clc1c(Cl)c(C#N)c(Cl)c(C#N)c1Cl","NRB","Mansouri"
"445","330-55-2","CON(C)C(=O)Nc1ccc(Cl)c(Cl)c1","NRB","Mansouri"
"446","24019-05-4","O[S](=O)(=O)c1cc(Cl)ccc1Oc2ccc(Cl)cc2NC(=O)Nc3ccc(Cl)c(Cl)c3","NRB","Mansouri"
"447","3766-81-2","CCC(C)c1ccccc1OC(=O)NC","NRB","Mansouri"
"448","2631-40-5","CNC(=O)Oc1ccccc1C(C)C","NRB","Mansouri"
"449","584-84-9","Cc1ccc(cc1N=C=O)N=C=O","NRB","Mansouri"
"450","1678-91-7","CCC1CCCCC1","NRB","Mansouri"
"451","110-82-7","C1CCCCC1","NRB","Mansouri"
"452","110-83-8","C1CCC=CC1","NRB","Mansouri"
"453","87-84-3","ClC1C(Br)C(Br)C(Br)C(Br)C1Br","NRB","Mansouri"
"454","542-18-7","ClC1CCCCC1","NRB","Mansouri"
"455","3194-57-8","BrC1CCC(Br)C(Br)CCC1Br","NRB","Mansouri"
"456","3644-38-0","CCCC[Sn](CCCC)(CCCC)Oc1c(Cl)c(Cl)c(Cl)c(Cl)c1Cl","NRB","Mansouri"
"457","122-14-5","CO[P](=S)(OC)Oc1ccc(c(C)c1)[N+]([O-])=O","NRB","Mansouri"
"458","608-71-9","Oc1c(Br)c(Br)c(Br)c(Br)c1Br","NRB","Mansouri"
"459","19715-19-6","CC(C)(C)c1cc(C(O)=O)c(O)c(c1)C(C)(C)C","NRB","Mansouri"
"460","961-11-5","CO[P](=O)(OC)OC(=CCl)c1cc(Cl)c(Cl)cc1Cl","NRB","Mansouri"
"461","5707-44-8","CCc1ccc(cc1)c2ccccc2","NRB","Mansouri"
"462","40766-31-2","CC(c1ccccc1)c2cccc(C)c2C","NRB","Mansouri"
"463","101-77-9","Nc1ccc(Cc2ccc(N)cc2)cc1","NRB","Mansouri"
"464","843-55-0","Oc1ccc(cc1)C2(CCCCC2)c3ccc(O)cc3","NRB","Mansouri"
"465","97-23-4","Oc1ccc(Cl)cc1Cc2cc(Cl)ccc2O","NRB","Mansouri"
"466","70-30-4","Oc1c(Cl)cc(Cl)c(Cl)c1Cc2c(O)c(Cl)cc(Cl)c2Cl","NRB","Mansouri"
"467","101-14-4","Nc1ccc(Cc2ccc(N)c(Cl)c2)cc1Cl","NRB","Mansouri"
"468","119-47-1","Cc1cc(Cc2cc(C)cc(c2O)C(C)(C)C)c(O)c(c1)C(C)(C)C","NRB","Mansouri"
"469","6864-37-5","CC1CC(CCC1N)CC2CCC(N)C(C)C2","NRB","Mansouri"
"470","80-05-7","CC(C)(c1ccc(O)cc1)c2ccc(O)cc2","NRB","Mansouri"
"471","1843-05-6","CCCCCCCCOc1ccc(c(O)c1)C(=O)c2ccccc2","NRB","Mansouri"
"472","510-15-6","CCOC(=O)C(O)(c1ccc(Cl)cc1)c2ccc(Cl)cc2","NRB","Mansouri"
"473","79-94-7","CC(C)(c1cc(Br)c(O)c(Br)c1)c2cc(Br)c(O)c(Br)c2","NRB","Mansouri"
"474","134-32-7","Nc1cccc2ccccc12","NRB","Mansouri"
"475","2243-62-1","Nc1cccc2c(N)cccc12","NRB","Mansouri"
"476","479-27-6","Nc1cccc2cccc(N)c12","NRB","Mansouri"
"477","135-88-6","N(c1ccccc1)c2ccc3ccccc3c2","NRB","Mansouri"
"478","2050-76-2","Oc1c(Cl)cc(Cl)c2ccccc12","NRB","Mansouri"
"479","119-64-2","C1CCc2ccccc2C1","NRB","Mansouri"
"480","3048-65-5","C1C=CCC2C=CCC12","NRB","Mansouri"
"481","16219-75-3","C\C=C1/CC2CC1C=C2","NRB","Mansouri"
"482","77-73-6","C1C=CC2C3CC(C=C3)C12","NRB","Mansouri"
"483","82-45-1","Nc1cccc2C(=O)c3ccccc3C(=O)c12","NRB","Mansouri"
"484","92-88-6","Oc1ccc(cc1)c2ccc(O)cc2","NRB","Mansouri"
"485","6362-80-7","CC(C)(CC(=C)c1ccccc1)c2ccccc2","NRB","Mansouri"
"486","85954-11-6","Cc1cc(cc(C)c1OCC2CO2)c3cc(C)c(OCC4CO4)c(C)c3","NRB","Mansouri"
"487","948-65-2","[nH]1c2ccccc2cc1c3ccccc3","NRB","Mansouri"
"488","10605-21-7","COC(=O)Nc1[nH]c2ccccc2n1","NRB","Mansouri"
"489","94-52-0","[O-][N+](=O)c1ccc2[nH]cnc2c1","NRB","Mansouri"
"490","100-43-6","C=Cc1ccncc1","NRB","Mansouri"
"491","504-29-0","Nc1ccccn1","NRB","Mansouri"
"492","504-24-5","Nc1ccncc1","NRB","Mansouri"
"493","462-08-8","Nc1cccnc1","NRB","Mansouri"
"494","148-24-3","Oc1cccc2cccnc12","NRB","Mansouri"
"495","92-84-2","N1c2ccccc2Sc3ccccc13","NRB","Mansouri"
"496","333-41-5","CCO[P](=S)(OCC)Oc1cc(C)nc(n1)C(C)C","NRB","Mansouri"
"497","2465-27-2","CN(C)c1ccc(cc1)C(=N)c2ccc(cc2)N(C)C","NRB","Mansouri"
"498","21564-17-0","N#CSCSc1sc2ccccc2n1","NRB","Mansouri"
"499","55250-84-5","CN(C1CCCCC1)c2ccc3c(Oc4cc(C)c(Nc5ccccc5)cc4C36OC(=O)c7ccccc67)c2","NRB","Mansouri"
"500","834-12-8","CCNc1nc(NC(C)C)nc(SC)n1","NRB","Mansouri"
"501","90-41-5","Nc1ccccc1c2ccccc2","NRB","Mansouri"
"502","134-83-8","ClC(c1ccccc1)c2ccc(Cl)cc2","NRB","Mansouri"
"503","110-02-1","s1cccc1","NRB","Mansouri"
"504","71-55-6","CC(Cl)(Cl)Cl","NRB","Mansouri"
"505","7299-99-2","CCCCC(CC)C(=O)OCC(COC(=O)C(CC)CCCC)(COC(=O)C(CC)CCCC)COC(=O)C(CC)CCCC","NRB","Mansouri"
"506","112-96-9","CCCCCCCCCCCCCCCCCCN=C=O","NRB","Mansouri"
"507","79-19-6","NNC(N)=S","NRB","Mansouri"
"508","402-31-3","FC(F)(F)c1cccc(c1)C(F)(F)F","NRB","Mansouri"
"509","99-09-2","Nc1cccc(c1)[N+]([O-])=O","NRB","Mansouri"
"510","88-75-5","Oc1ccccc1[N](=O)=O","NRB","Mansouri"
"511","100-17-4","COc1ccc(cc1)[N+]([O-])=O","NRB","Mansouri"
"512","119-33-5","Cc1ccc(O)c(c1)[N+]([O-])=O","NRB","Mansouri"
"513","94-75-7","OC(=O)COc1ccc(Cl)cc1Cl","NRB","Mansouri"
"514","3622-84-2","CCCCN[S](=O)(=O)c1ccccc1","NRB","Mansouri"
"515","599-61-1","Nc1cccc(c1)[S](=O)(=O)c2cccc(N)c2","NRB","Mansouri"
"516","330-54-1","CN(C)C(=O)Nc1ccc(Cl)c(Cl)c1","NRB","Mansouri"
"517","782-74-1","Clc1ccccc1NNc2ccccc2Cl","NRB","Mansouri"
"518","86-73-7","C1c2ccccc2c3ccccc13","NRB","Mansouri"
"519","719-96-0","FC(Cl)(Cl)SN1C(=O)c2ccccc2C1=O","NRB","Mansouri"
"520","1552-42-7","CN(C)c1ccc(cc1)C2(OC(=O)c3cc(ccc23)N(C)C)c4ccc(cc4)N(C)C","NRB","Mansouri"
"521","3896-11-5","Cc1cc(n2nc3ccc(Cl)cc3n2)c(O)c(c1)C(C)(C)C","NRB","Mansouri"
"522","10315-98-7","CC(C)CN1CCOCC1","NRB","Mansouri"
"523","51-52-5","CCCC1=CC(=O)NC(=S)N1","NRB","Mansouri"
"524","482-89-3","O=C1\C(Nc2ccccc12)=C\3Nc4ccccc4C3=O","NRB","Mansouri"
"525","10319-14-9","Oc1c(Br)c2ccccc2nc1C3C(=O)c4ccccc4C3=O","NRB","Mansouri"
"526","71767-67-4","[O-][N+](=O)c1cc(Cl)c(N=Nc2ccc(cc2)N(CCC#N)CCC#N)c(Cl)c1","NRB","Mansouri"
"527","61968-52-3","CCC(=O)Nc1cc(ccc1N=Nc2ccc(cc2Cl)[N](=O)=O)N(CCOC(C)=O)CCOC(C)=O","NRB","Mansouri"
"528","59722-76-8","Nc1c(Oc2ccc(Br)cc2)cc(O)c3C(=O)c4ccccc4C(=O)c13","NRB","Mansouri"
"529","12217-77-5","Oc1ccc(Nc2ccccc2)c3C(=O)c4c(c(O)ccc4[N+]([O-])=O)C(=O)c13","NRB","Mansouri"
"530","26780-96-1","CC1=CC(C)(C)Nc2ccccc12","NRB","Mansouri"
"531","67-66-3","ClC(Cl)Cl","NRB","Mansouri"
"532","106-93-4","BrCCBr","NRB","Mansouri"
"533","96-18-4","ClCC(Cl)CCl","NRB","Mansouri"
"534","103-69-5","CCNc1ccccc1","NRB","Mansouri"
"535","2855-13-2","CC1(C)CC(N)CC(C)(CN)C1","NRB","Mansouri"
"536","1141-38-4","OC(=O)c1ccc2cc(ccc2c1)C(O)=O","NRB","Mansouri"
"537","583-39-1","S=C1Nc2ccccc2N1","NRB","Mansouri"
"538","132-65-0","s1c2ccccc2c3ccccc13","NRB","Mansouri"
"539","96-50-4","Nc1sccn1","NRB","Mansouri"
"540","50-06-6","CCC1(C(=O)NC(=O)NC1=O)c2ccccc2","NRB","Mansouri"
"541","4390-04-9","CC(CC(C)(C)C)CC(C)(C)CC(C)(C)C","NRB","Mansouri"
"542","75-64-9","CC(C)(C)N","NRB","Mansouri"
"543","108-00-9","CN(C)CCN","NRB","Mansouri"
"544","111-40-0","NCCNCCN","NRB","Mansouri"
"545","112-24-3","NCCNCCNCCN","NRB","Mansouri"
"546","75-91-2","CC(C)(C)OO","NRB","Mansouri"
"547","111-41-1","NCCNCCO","NRB","Mansouri"
"548","2885-00-9","CCCCCCCCCCCCCCCCCCS","NRB","Mansouri"
"549","461-58-5","NC(N)=NC#N","NRB","Mansouri"
"550","1656-63-9","CCCCCCCCCCCCSP(SCCCCCCCCCCCC)SCCCCCCCCCCCC","NRB","Mansouri"
"551","78-40-0","CCO[P](=O)(OCC)OCC","NRB","Mansouri"
"552","512-56-1","CO[P](=O)(OC)OC","NRB","Mansouri"
"553","78-42-2","CCCCC(CC)CO[P](=O)(OCC(CC)CCCC)OCC(CC)CCCC","NRB","Mansouri"
"554","3634-67-1","CCCCCC[Si](Cl)(CCCCCC)CCCCCC","NRB","Mansouri"
"555","95-80-7","Cc1ccc(N)cc1N","NRB","Mansouri"
"556","95-78-3","Cc1ccc(C)c(N)c1","NRB","Mansouri"
"557","101-61-1","CN(C)c1ccc(Cc2ccc(cc2)N(C)C)cc1","NRB","Mansouri"
"558","99-64-9","CN(C)c1cccc(c1)C(O)=O","NRB","Mansouri"
"559","603-11-2","OC(=O)c1cccc(c1C(O)=O)[N+]([O-])=O","NRB","Mansouri"
"560","6683-19-8","CC(C)(C)c1cc(CCC(=O)OCC(COC(=O)CCc2cc(c(O)c(c2)C(C)(C)C)C(C)(C)C)(COC(=O)CCc3cc(c(O)c(c3)C(C)(C)C)C(C)(C)C)COC(=O)CCc4cc(c(O)c(c4)C(C)(C)C)C(C)(C)C)cc(c1O)C(C)(C)C","NRB","Mansouri"
"561","88-44-8","Cc1ccc(N)c(c1)[S](O)(=O)=O","NRB","Mansouri"
"562","88-53-9","Cc1cc(N)c(cc1Cl)[S](O)(=O)=O","NRB","Mansouri"
"563","80-09-1","Oc1ccc(cc1)[S](=O)(=O)c2ccc(O)cc2","NRB","Mansouri"
"564","19438-60-9","CC1CCC2C(C1)C(=O)OC2=O","NRB","Mansouri"
"565","1212-29-9","S=C(NC1CCCCC1)NC2CCCCC2","NRB","Mansouri"
"566","76-86-8","Cl[Si](c1ccccc1)(c2ccccc2)c3ccccc3","NRB","Mansouri"
"567","1163-19-5","Brc1c(Br)c(Br)c(Oc2c(Br)c(Br)c(Br)c(Br)c2Br)c(Br)c1Br","NRB","Mansouri"
"568","1709-70-2","Cc1c(Cc2cc(c(O)c(c2)C(C)(C)C)C(C)(C)C)c(C)c(Cc3cc(c(O)c(c3)C(C)(C)C)C(C)(C)C)c(C)c1Cc4cc(c(O)c(c4)C(C)(C)C)C(C)(C)C","NRB","Mansouri"
"569","10081-67-1","CC(C)(c1ccccc1)c2ccc(Nc3ccc(cc3)C(C)(C)c4ccccc4)cc2","NRB","Mansouri"
"570","76-93-7","OC(=O)C(O)(c1ccccc1)c2ccccc2","NRB","Mansouri"
"571","81-11-8","Nc1ccc(\C=C\c2ccc(N)cc2[S](O)(=O)=O)c(c1)[S](O)(=O)=O","NRB","Mansouri"
"572","7267-14-3","OC(=O)c1ccc(Cl)c2c(Cl)ccc(C(=O)OC(=O)c3ccc(Cl)c4c(Cl)ccc(C(O)=O)c34)c12","NRB","Mansouri"
"573","115-28-6","OC(=O)C1C(C(O)=O)C2(Cl)C(=C(Cl)C1(Cl)C2(Cl)Cl)Cl","NRB","Mansouri"
"574","3733-79-7","CC(C)C1=CC2C(C)CC1C3C2C(=O)OC3=O","NRB","Mansouri"
"575","83-32-9","C1Cc2cccc3cccc1c23","NRB","Mansouri"
"576","123251-96-7","Nc1c(Cl)cc(cc1[S](O)(=O)=O)c2cc(Cl)c(N)c(c2)[S](O)(=O)=O","NRB","Mansouri"
"577","86-87-3","OC(=O)Cc1cccc2ccccc12","NRB","Mansouri"
"578","2939-80-2","ClC(Cl)C(Cl)(Cl)SN1C(=O)C2CC=CCC2C1=O","NRB","Mansouri"
"579","61-82-5","Nc1[nH]cnn1","NRB","Mansouri"
"580","2403-88-5","CC1(C)CC(O)CC(C)(C)N1","NRB","Mansouri"
"581","120-54-7","S=C(SSSSC(=S)N1CCCCC1)N2CCCCC2","NRB","Mansouri"
"582","123-91-1","C1COCCO1","NRB","Mansouri"
"583","108-78-1","Nc1nc(N)nc(N)n1","NRB","Mansouri"
"584","108-80-5","O=C1NC(=O)NC(=O)N1","NRB","Mansouri"
"585","27676-62-6","CC(C)(C)c1cc(CN2C(=O)N(Cc3cc(c(O)c(c3)C(C)(C)C)C(C)(C)C)C(=O)N(Cc4cc(c(O)c(c4)C(C)(C)C)C(C)(C)C)C2=O)cc(c1O)C(C)(C)C","NRB","Mansouri"
"586","6674-22-2","C1CCN2CCCN=C2CC1","NRB","Mansouri"
"587","280-57-9","C1CN2CCN1CC2","NRB","Mansouri"
"588","91-96-3","CC(=O)CC(=O)Nc1ccc(cc1C)c2ccc(NC(=O)CC(C)=O)c(C)c2","NRB","Mansouri"
"589","26630-87-5","CC(=O)OCCN(CCOC(C)=O)c1ccc(N=Nc2sc3cc(Cl)ccc3n2)c(NC(=O)c4ccccc4)c1","NRB","Mansouri"
"590","6358-85-6","CC(=O)C(N=Nc1ccc(cc1Cl)c2ccc(N=NC(C(C)=O)C(=O)Nc3ccccc3)c(Cl)c2)C(=O)Nc4ccccc4","NRB","Mansouri"
"591","2425-85-6","Cc1ccc(N=Nc2c(O)ccc3ccccc23)c(c1)[N+]([O-])=O","NRB","Mansouri"
"592","1571-13-7","Clc1c(Cl)c(Cl)c2C(=O)NC(=O)c2c1Cl","NRB","Mansouri"
"593","62717-50-4","Clc1ccccc1C2CO2","NRB","Mansouri"
"594","1197-18-8","NCC1CCC(CC1)C(O)=O","NRB","Mansouri"
"595","302-01-2","NN","NRB","Mansouri"
"596","691-37-2","CC(C)CC=C","NRB","Mansouri"
"597","2162-99-4","ClCCCCCCCCCl","NRB","Mansouri"
"598","13116-53-5","ClCC(Cl)(Cl)CCl","NRB","Mansouri"
"599","76-13-1","FC(F)(Cl)C(F)(Cl)Cl","NRB","Mansouri"
"600","79-01-6","ClC=C(Cl)Cl","NRB","Mansouri"
"601","102-82-9","CCCCN(CCCC)CCCC","NRB","Mansouri"
"602","111-18-2","CN(C)CCCCCCN(C)C","NRB","Mansouri"
"603","3710-84-7","CCN(O)CC","NRB","Mansouri"
"604","126-30-7","CC(C)(CO)CO","NRB","Mansouri"
"605","77-99-6","CCC(CO)(CO)CO","NRB","Mansouri"
"606","4620-70-6","CC(C)(C)NCCO","NRB","Mansouri"
"607","100-37-8","CCN(CC)CCO","NRB","Mansouri"
"608","115-70-8","CCC(N)(CO)CO","NRB","Mansouri"
"609","102-81-8","CCCCN(CCO)CCCC","NRB","Mansouri"
"610","142-96-1","CCCCOCCCC","NRB","Mansouri"
"611","78-63-7","CC(C)(C)OOC(C)(C)CCC(C)(C)OOC(C)(C)C","NRB","Mansouri"
"612","126-58-9","OCC(CO)(CO)COCC(CO)(CO)CO","NRB","Mansouri"
"613","24800-44-0","CC(O)COC(C)COC(C)CO","NRB","Mansouri"
"614","110-30-5","CCCCCCCCCCCCCCCCCC(=O)NCCNC(=O)CCCCCCCCCCCCCCCCC","NRB","Mansouri"
"615","1071-93-8","NNC(=O)CCCCC(=O)NN","NRB","Mansouri"
"616","526-78-3","OC(=O)C(Br)C(Br)C(O)=O","NRB","Mansouri"
"617","139-13-9","OC(=O)CN(CC(O)=O)CC(O)=O","NRB","Mansouri"
"618","298-06-6","CCO[P]([S-])(=S)OCC","NRB","Mansouri"
"619","680-31-9","CN(C)[P](=O)(N(C)C)N(C)C","NRB","Mansouri"
"620","126-72-7","BrCC(Br)CO[P](=O)(OCC(Br)CBr)OCC(Br)CBr","NRB","Mansouri"
"621","107-66-4","CCCCO[P](O)(=O)OCCCC","NRB","Mansouri"
"622","56-35-9","CCCC[Sn](CCCC)(CCCC)O[Sn](CCCC)(CCCC)CCCC","NRB","Mansouri"
"623","56-36-0","CCCC[Sn](CCCC)(CCCC)OC(C)=O","NRB","Mansouri"
"624","3590-84-9","CCCCCCCC[Sn](CCCCCCCC)(CCCCCCCC)CCCCCCCC","NRB","Mansouri"
"625","102-70-5","C=CCN(CC=C)CC=C","NRB","Mansouri"
"626","23235-61-2","CCC(CO)(CO)COCC(CC)(CO)CO","NRB","Mansouri"
"627","80-07-9","Clc1ccc(cc1)[S](=O)(=O)c2ccc(Cl)cc2","NRB","Mansouri"
"628","50-31-7","OC(=O)c1c(Cl)ccc(Cl)c1Cl","NRB","Mansouri"
"629","121-69-7","CN(C)c1ccccc1","NRB","Mansouri"
"630","87-59-2","Cc1cccc(N)c1C","NRB","Mansouri"
"631","108-69-0","Cc1cc(C)cc(N)c1","NRB","Mansouri"
"632","622-57-1","CCNc1ccc(C)cc1","NRB","Mansouri"
"633","611-21-2","CNc1ccccc1C","NRB","Mansouri"
"634","793-24-8","CC(C)CC(C)Nc1ccc(Nc2ccccc2)cc1","NRB","Mansouri"
"635","101-72-4","CC(C)Nc1ccc(Nc2ccccc2)cc1","NRB","Mansouri"
"636","2095-06-9","C1OC1CN(CC2CO2)c3ccccc3","NRB","Mansouri"
"637","108-45-2","Nc1cccc(N)c1","NRB","Mansouri"
"638","108-42-9","Nc1cccc(Cl)c1","NRB","Mansouri"
"639","95-51-2","Nc1ccccc1Cl","NRB","Mansouri"
"640","99-88-7","CC(C)c1ccc(N)cc1","NRB","Mansouri"
"641","40027-50-7","Cc1ccccc1N(CC2CO2)CC3CO3","NRB","Mansouri"
"642","99-08-1","Cc1cccc(c1)[N+]([O-])=O","NRB","Mansouri"
"643","88-72-2","Cc1ccccc1[N+]([O-])=O","NRB","Mansouri"
"644","99-99-0","Cc1ccc(cc1)[N+]([O-])=O","NRB","Mansouri"
"645","576-26-1","Cc1cccc(C)c1O","NRB","Mansouri"
"646","2416-94-6","Cc1ccc(C)c(O)c1C","NRB","Mansouri"
"647","120-71-8","COc1ccc(C)cc1N","NRB","Mansouri"
"648","3586-14-9","Cc1cccc(Oc2ccccc2)c1","NRB","Mansouri"
"649","346-10-1","CCC(Oc1ccc(cc1C(C)(C)CC)C(C)(C)CC)C(=O)Nc2ccc(NC(=O)C(F)(F)C(F)(F)C(F)(F)F)c(O)c2","NRB","Mansouri"
"650","80-51-3","NN[S](=O)(=O)c1ccc(Oc2ccc(cc2)[S](=O)(=O)NN)cc1","NRB","Mansouri"
"651","94-74-6","Cc1cc(Cl)ccc1OCC(O)=O","NRB","Mansouri"
"652","96-69-5","Cc1cc(O)c(cc1Sc2cc(c(O)cc2C)C(C)(C)C)C(C)(C)C","NRB","Mansouri"
"653","120-21-8","CCN(CC)c1ccc(C=O)cc1","NRB","Mansouri"
"654","1953-99-7","Clc1c(Cl)c(Cl)c(C#N)c(C#N)c1Cl","NRB","Mansouri"
"655","70-55-3","Cc1ccc(cc1)[S](N)(=O)=O","NRB","Mansouri"
"656","121-03-9","Cc1ccc(cc1[S](O)(=O)=O)[N+]([O-])=O","NRB","Mansouri"
"657","97-39-2","Cc1ccccc1NC(N)=Nc2ccccc2C","NRB","Mansouri"
"658","2655-14-3","CNC(=O)Oc1cc(C)cc(C)c1","NRB","Mansouri"
"659","3194-55-6","BrC1CCC(Br)C(Br)CCC(Br)C(Br)CCC1Br","NRB","Mansouri"
"660","106-87-6","C1CC2OC2CC1C3CO3","NRB","Mansouri"
"661","78-59-1","CC1=CC(=O)CC(C)(C)C1","NRB","Mansouri"
"662","13149-00-3","OC(=O)[C@@H]1CCCC[C@@H]1C(=O)OC(=O)[C@@H]2CCCC[C@@H]2C(O)=O","NRB","Mansouri"
"663","1241-94-7","CCCCC(CC)CO[P](=O)(Oc1ccccc1)Oc2ccccc2","NRB","Mansouri"
"664","1803-12-9","CN(C)C(=S)S[Sn](c1ccccc1)(c2ccccc2)c3ccccc3","NRB","Mansouri"
"665","2597-03-7","CCOC(=O)C(S[P](=S)(OC)OC)c1ccccc1","NRB","Mansouri"
"666","2104-64-5","CCO[P](=S)(Oc1ccc(cc1)[N+]([O-])=O)c2ccccc2","NRB","Mansouri"
"667","1200-14-2","CCCCc1ccc(C=O)cc1","NRB","Mansouri"
"668","87-86-5","Oc1c(Cl)c(Cl)c(Cl)c(Cl)c1Cl","NRB","Mansouri"
"669","36065-30-2","CC(Br)(CBr)COc1c(Br)cc(Br)cc1Br","NRB","Mansouri"
"670","1502-22-3","O=C1CCCCC1C2=CCCCC2","NRB","Mansouri"
"671","901-44-0","CC(C)(c1ccc(OCCO)cc1)c2ccc(OCCO)cc2","NRB","Mansouri"
"672","25640-71-5","CC(c1ccccc1)c2ccc(O)c(C(C)c3ccccc3)c2C(C)c4ccccc4","NRB","Mansouri"
"673","21850-44-2","CC(C)(c1cc(Br)c(OCC(Br)CBr)c(Br)c1)c2cc(Br)c(OCC(Br)CBr)c(Br)c2","NRB","Mansouri"
"674","606-28-0","COC(=O)c1ccccc1C(=O)c2ccccc2","NRB","Mansouri"
"675","66-81-9","CC1CC(C)C(=O)C(C1)C(O)CC2CC(=O)NC(=O)C2","NRB","Mansouri"
"676","13560-89-9","ClC1=C(Cl)C2(Cl)C3CCC4C(CCC3C1(Cl)C2(Cl)Cl)C5(Cl)C(=C(Cl)C4(Cl)C5(Cl)Cl)Cl","NRB","Mansouri"
"677","13358-11-7","CCCCC(CC)CN1C(=O)C2C(C1=O)C3(CCC2(C)C=C3)C(C)C","NRB","Mansouri"
"678","118-44-5","CCNc1cccc2ccccc12","NRB","Mansouri"
"679","26916-60-9","CC(C)C1CCCc2ccccc12","NRB","Mansouri"
"680","79-92-5","CC1(C)C2CCC(C2)C1=C","NRB","Mansouri"
"681","82-44-0","Clc1cccc2C(=O)c3ccccc3C(=O)c12","NRB","Mansouri"
"682","116-82-5","Nc1c(Br)cc(O)c2C(=O)c3ccccc3C(=O)c12","NRB","Mansouri"
"683","129-43-1","Oc1cccc2C(=O)c3ccccc3C(=O)c12","NRB","Mansouri"
"684","2498-66-0","O=C1c2ccccc2C(=O)c3c4ccccc4ccc13","NRB","Mansouri"
"685","13654-09-6","Brc1c(Br)c(Br)c(c(Br)c1Br)c2c(Br)c(Br)c(Br)c(Br)c2Br","NRB","Mansouri"
"686","91-94-1","Nc1ccc(cc1Cl)c2ccc(N)c(Cl)c2","NRB","Mansouri"
"687","41122-70-7","CCCCCCc1ccc(cc1)c2ccc(cc2)C#N","NRB","Mansouri"
"688","13540-50-6","Cc1ccc(C)c(Cc2ccccc2)c1","NRB","Mansouri"
"689","3891-29-0","CCCCCCCCCCCCCCCCCCNC(=O)N1CC1","NRB","Mansouri"
"690","616-44-4","Cc1cscc1","NRB","Mansouri"
"691","149-30-4","S=C1Nc2ccccc2S1","NRB","Mansouri"
"692","120-78-5","S(Sc1sc2ccccc2n1)c3sc4ccccc4n3","NRB","Mansouri"
"693","2440-22-4","Cc1ccc(O)c(c1)n2n3n2c4ccccc34","NRB","Mansouri"
"694","109-06-8","Cc1ccccn1","NRB","Mansouri"
"695","108-99-6","Cc1cccnc1","NRB","Mansouri"
"696","109-09-1","Clc1ccccn1","NRB","Mansouri"
"697","100-54-9","N#Cc1cccnc1","NRB","Mansouri"
"698","626-67-5","CN1CCCCC1","NRB","Mansouri"
"699","91-22-5","c1ccc2ncccc2c1","NRB","Mansouri"
"700","91-53-2","CCOc1ccc2NC(C)(C)C=C(C)c2c1","NRB","Mansouri"
"701","103-34-4","C1CN(CCO1)SSN2CCOCC2","NRB","Mansouri"
"702","110-85-0","C1CNCCN1","NRB","Mansouri"
"703","91-76-9","Nc1nc(N)nc(n1)c2ccccc2","NRB","Mansouri"
"704","1025-15-6","C=CCN1C(=O)N(CC=C)C(=O)N(CC=C)C1=O","NRB","Mansouri"
"705","5468-75-7","CC(=O)C(N=Nc1ccc(cc1Cl)c2ccc(N=NC(C(C)=O)C(=O)Nc3ccccc3C)c(Cl)c2)C(=O)Nc4ccccc4C","NRB","Mansouri"
"706","13676-54-5","O=C1C=CC(=O)N1c2ccc(Cc3ccc(cc3)N4C(=O)C=CC4=O)cc2","NRB","Mansouri"
"707","19666-30-9","CC(C)Oc1cc(N2N=C(OC2=O)C(C)(C)C)c(Cl)cc1Cl","NRB","Mansouri"
"708","2921-88-2","CCO[P](=S)(OCC)Oc1nc(Cl)c(Cl)cc1Cl","NRB","Mansouri"
"709","504-03-0","CC1CCCC(C)N1","NRB","Mansouri"
"710","122-34-9","CCNc1nc(Cl)nc(NCC)n1","NRB","Mansouri"
"711","1912-24-9","CCNc1nc(Cl)nc(NC(C)C)n1","NRB","Mansouri"
"712","584-79-2","CC(C)=CC1C(C(=O)OC2CC(=O)C(=C2C)CC=C)C1(C)C","NRB","Mansouri"
"713","483-63-6","CCN(C(=O)\C=C\C)c1ccccc1C","NRB","Mansouri"
"714","7696-12-0","CC(C)=CC1C(C(=O)OCN2C(=O)C3=C(CCCC3)C2=O)C1(C)C","NRB","Mansouri"
"715","119-93-7","Cc1cc(ccc1N)c2ccc(N)c(C)c2","NRB","Mansouri"
"716","101-20-2","Clc1ccc(NC(=O)Nc2ccc(Cl)c(Cl)c2)cc1","NRB","Mansouri"
"717","64-10-8","NC(=O)Nc1ccccc1","NRB","Mansouri"
"718","132-64-9","o1c2ccccc2c3ccccc13","NRB","Mansouri"
"719","6842-15-5","C\C=C\C\C=C\C\C=C\CC=C","NRB","Mansouri"
"720","75-09-2","ClCCl","NRB","Mansouri"
"721","74-97-5","ClCBr","NRB","Mansouri"
"722","109-64-8","BrCCCBr","NRB","Mansouri"
"723","110-56-5","ClCCCCCl","NRB","Mansouri"
"724","110-53-2","CCCCCBr","NRB","Mansouri"
"725","4101-68-2","BrCCCCCCCCCCBr","NRB","Mansouri"
"726","3229-00-3","BrCC(CBr)(CBr)CBr","NRB","Mansouri"
"727","76-12-0","FC(Cl)(Cl)C(F)(Cl)Cl","NRB","Mansouri"
"728","127-18-4","ClC(Cl)=C(Cl)Cl","NRB","Mansouri"
"729","87-68-3","ClC(Cl)=C(Cl)C(Cl)=C(Cl)Cl","NRB","Mansouri"
"730","3452-97-9","CC(CCO)CC(C)(C)C","NRB","Mansouri"
"731","115-84-4","CCCCC(CC)(CO)CO","NRB","Mansouri"
"732","77-85-0","CC(CO)(CO)CO","NRB","Mansouri"
"733","115-77-5","OCC(CO)(CO)CO","NRB","Mansouri"
"734","335-99-9","OCC(F)(F)C(F)(F)C(F)(F)C(F)(F)C(F)(F)C(F)F","NRB","Mansouri"
"735","105-59-9","CN(CCO)CCO","NRB","Mansouri"
"736","544-01-4","CCCCCCCC(=O)OC","NRB","Mansouri"
"737","103-44-6","CCCCC(CC)COC=C","NRB","Mansouri"
"738","2425-79-8","C(CCOCC1CO1)COCC2CO2","NRB","Mansouri"
"739","112-26-5","ClCCOCCOCCCl","NRB","Mansouri"
"740","10496-18-1","CCCCCCCCCCSSCCCCCCCCCC","NRB","Mansouri"
"741","107-70-0","COC(C)(C)CC(C)=O","NRB","Mansouri"
"742","68-12-2","CN(C)C=O","NRB","Mansouri"
"743","3290-92-4","CCC(COC(=O)C(C)=C)(COC(=O)C(C)=C)COC(=O)C(C)=C","NRB","Mansouri"
"744","629-54-9","CCCCCCCCCCCCCCCC(N)=O","NRB","Mansouri"
"745","28777-98-2","CCCCCCCCCCCCCCCC/C=C/C1CC(=O)OC1=O","NRB","Mansouri"
"746","15625-89-5","CCC(COC(=O)C=C)(COC(=O)C=C)COC(=O)C=C","NRB","Mansouri"
"747","3524-68-3","OCC(COC(=O)C=C)(COC(=O)C=C)COC(=O)C=C","NRB","Mansouri"
"748","585-07-9","CC(=C)C(=O)OC(C)(C)C","NRB","Mansouri"
"749","108-23-6","CC(C)OC(Cl)=O","NRB","Mansouri"
"750","76-03-9","OC(=O)C(Cl)(Cl)Cl","NRB","Mansouri"
"751","1115-20-4","CC(C)(CO)COC(=O)C(C)(C)CO","NRB","Mansouri"
"752","29598-76-3","CCCCCCCCCCCCSCCC(=O)OCC(COC(=O)CCSCCCCCCCCCCCC)(COC(=O)CCSCCCCCCCCCCCC)COC(=O)CCSCCCCCCCCCCCC","NRB","Mansouri"
"753","55107-14-7","COC(=O)CC(=O)C(C)(C)C","NRB","Mansouri"
"754","67-68-5","C[S](C)=O","NRB","Mansouri"
"755","2372-21-6","CC(C)OC(=O)OOC(C)(C)C","NRB","Mansouri"
"756","1752-30-3","CC(C)=NNC(N)=S","NRB","Mansouri"
"757","556-88-7","NC(=N)N[N+]([O-])=O","NRB","Mansouri"
"758","39680-90-5","CNC(S)=S","NRB","Mansouri"
"759","115-96-8","ClCCO[P](=O)(OCCCl)OCCCl","NRB","Mansouri"
"760","121-75-5","CCOC(=O)CC(S[P](=S)(OC)OC)C(=O)OCC","NRB","Mansouri"
"761","298-07-7","CCCCC(CC)CO[P](O)(=O)OCC(CC)CCCC","NRB","Mansouri"
"762","57-15-8","CC(C)(O)C(Cl)(Cl)Cl","NRB","Mansouri"
"763","22984-54-9","CCC(C)=NO[Si](C)(ON=C(C)CC)ON=C(C)CC","NRB","Mansouri"
"764","919-30-2","CCO[Si](CCCN)(OCC)OCC","NRB","Mansouri"
"765","3296-90-0","OCC(CO)(CBr)CBr","NRB","Mansouri"
"766","139-87-7","CCN(CCO)CCO","NRB","Mansouri"
"767","7580-85-0","CC(C)(C)OCCO","NRB","Mansouri"
"768","144-19-4","CC(C)C(O)C(C)(C)CO","NRB","Mansouri"
"769","107-71-1","CC(=O)OOC(C)(C)C","NRB","Mansouri"
"770","3090-36-6","CCCCCCCCCCCC(=O)O[Sn](CCCC)(CCCC)CCCC","NRB","Mansouri"
"771","69709-01-9","CO[Si](CCCN=C(N(C)C)N(C)C)(OC)OC","NRB","Mansouri"
"772","2049-95-8","CCC(C)(C)c1ccccc1","NRB","Mansouri"
"773","118-91-2","OC(=O)c1ccccc1Cl","NRB","Mansouri"
"774","15233-47-3","CCCCCCC(C)Nc1ccc(Nc2ccccc2)cc1","NRB","Mansouri"
"775","95-53-4","Cc1ccccc1N","NRB","Mansouri"
"776","106-49-0","Cc1ccc(N)cc1","NRB","Mansouri"
"777","93-68-5","CC(=O)CC(=O)Nc1ccccc1C","NRB","Mansouri"
"778","709-98-8","CCC(=O)Nc1ccc(Cl)c(Cl)c1","NRB","Mansouri"
"779","97-36-9","CC(=O)CC(=O)Nc1ccc(C)cc1C","NRB","Mansouri"
"780","4152-09-4","NCCNCc1ccccc1","NRB","Mansouri"
"781","97-02-9","Nc1ccc(cc1[N+]([O-])=O)[N+]([O-])=O","NRB","Mansouri"
"782","1582-09-8","CCCN(CCC)c1c(cc(cc1[N+]([O-])=O)C(F)(F)F)[N+]([O-])=O","NRB","Mansouri"
"783","98-95-3","[O-][N+](=O)c1ccccc1","NRB","Mansouri"
"784","3209-22-1","[O-][N+](=O)c1cccc(Cl)c1Cl","NRB","Mansouri"
"785","89-61-2","[O-][N+](=O)c1cc(Cl)ccc1Cl","NRB","Mansouri"
"786","101-84-8","O(c1ccccc1)c2ccccc2","NRB","Mansouri"
"787","123-30-8","Nc1ccc(O)cc1","NRB","Mansouri"
"788","62-44-2","CCOc1ccc(NC(C)=O)cc1","NRB","Mansouri"
"789","100-02-7","Oc1ccc(cc1)[N+]([O-])=O","NRB","Mansouri"
"790","88-89-1","Oc1c(cc(cc1[N+]([O-])=O)[N+]([O-])=O)[N+]([O-])=O","NRB","Mansouri"
"791","583-78-8","Oc1cc(Cl)ccc1Cl","NRB","Mansouri"
"792","4433-79-8","COc1cc(NC(=O)CC(C)=O)c(OC)cc1Cl","NRB","Mansouri"
"793","58-90-2","Oc1c(Cl)cc(Cl)c(Cl)c1Cl","NRB","Mansouri"
"794","3772-94-9","CCCCCCCCCCCC(=O)Oc1c(Cl)c(Cl)c(Cl)c(Cl)c1Cl","NRB","Mansouri"
"795","89-98-5","Clc1ccccc1C=O","NRB","Mansouri"
"796","122-57-6","CC(=O)\C=C\c1ccccc1","NRB","Mansouri"
"797","119-06-2","CCCCCCCCCCCCCOC(=O)c1ccccc1C(=O)OCCCCCCCCCCCCC","NRB","Mansouri"
"798","98-73-7","CC(C)(C)c1ccc(cc1)C(O)=O","NRB","Mansouri"
"799","614-45-9","CC(C)(C)OOC(=O)c1ccccc1","NRB","Mansouri"
"800","121-92-6","OC(=O)c1cccc(c1)[N+]([O-])=O","NRB","Mansouri"
"801","2082-79-3","CCCCCCCCCCCCCCCCCCOC(=O)CCc1cc(c(O)c(c1)C(C)(C)C)C(C)(C)C","NRB","Mansouri"
"802","91-15-6","N#Cc1ccccc1C#N","NRB","Mansouri"
"803","43051-46-3","OCCN(CCO)c1cccc(NC(=O)c2ccccc2)c1","NRB","Mansouri"
"804","294-62-2","C1CCCCCCCCCCC1","NRB","Mansouri"
"805","644-97-3","ClP(Cl)c1ccccc1","NRB","Mansouri"
"806","60628-17-3","CCCCCCCCCCCCCOP(Oc1ccccc1)Oc2ccccc2","NRB","Mansouri"
"807","2636-26-2","CO[P](=S)(OC)Oc1ccc(cc1)C#N","NRB","Mansouri"
"808","6375-47-9","COc1ccc(NC(C)=O)cc1N","NRB","Mansouri"
"809","36483-60-0","Brc1cc(Br)c(Br)c(Oc2ccc(Br)c(Br)c2Br)c1","NRB","Mansouri"
"810","10541-83-0","CNc1ccc(cc1)C(O)=O","NRB","Mansouri"
"811","114-26-1","CNC(=O)Oc1ccccc1OC(C)C","NRB","Mansouri"
"812","3792-59-4","CCO[P](=S)(Oc1ccc(Cl)cc1Cl)c2ccccc2","NRB","Mansouri"
"813","28575-17-9","CCc1ccccc1c2ccccc2CC","NRB","Mansouri"
"814","61788-32-7","C1CC=CC(C1)c2ccc(cc2)C3CCC=CC3","NRB","Mansouri"
"815","131-57-7","COc1ccc(c(O)c1)C(=O)c2ccccc2","NRB","Mansouri"
"816","81-16-3","Nc1ccc2ccccc2c1[S](O)(=O)=O","NRB","Mansouri"
"817","87-02-5","Nc1ccc2c(O)cc(cc2c1)[S](O)(=O)=O","NRB","Mansouri"
"818","90-51-7","Nc1ccc2cc(cc(O)c2c1)[S](O)(=O)=O","NRB","Mansouri"
"819","31127-54-5","Oc1ccc(cc1)C(=O)c2ccc(O)c(O)c2O","NRB","Mansouri"
"820","126-33-0","O=[S]1(=O)CCCC1","NRB","Mansouri"
"821","95-33-0","C1CCC(CC1)NSc2sc3ccccc3n2","NRB","Mansouri"
"822","123-33-1","O=C1NNC(=O)C=C1","NRB","Mansouri"
"823","3089-11-0","COCN(COC)c1nc(nc(n1)N(COC)COC)N(COC)COC","NRB","Mansouri"
"824","533-74-4","CN1CSC(=S)N(C)C1","NRB","Mansouri"
"825","92-77-3","Oc1cc2ccccc2cc1C(=O)Nc3ccccc3","NRB","Mansouri"
"826","5567-15-7","COc1cc(NC(=O)C(N=Nc2ccc(cc2Cl)c3ccc(N=NC(C(C)=O)C(=O)Nc4cc(OC)c(Cl)cc4OC)c(Cl)c3)C(C)=O)c(OC)cc1Cl","NRB","Mansouri"
"827","110-00-9","o1cccc1","NRB","Mansouri"
"828","27605-76-1","C=CCOC1=N[S](=O)(=O)c2ccccc12","NRB","Mansouri"
"829","3811-49-2","CO[P]1(=S)OCc2ccccc2O1","NRB","Mansouri"
"830","83-88-5","Cc1cc2N=C3C(=O)NC(=O)N=C3N(C[C@H](O)[C@H](O)[C@H](O)CO)c2cc1C","NRB","Mansouri"
"831","532-03-6","COc1ccccc1OCC(O)COC(N)=O","NRB","Mansouri"
"832","109-70-6","ClCCCBr","NRB","Mansouri"
"833","74-96-4","CCBr","NRB","Mansouri"
"834","18375-66-1","CCCCCCCCCCCCCCCCCCNC(=O)[C@H](O)[C@@H](O)[C@H](O)[C@H](O)CO","NRB","Mansouri"
"835","16935-34-5","CC(C)C1NC(=O)NC1=O","NRB","Mansouri"
"836","612-22-6","CCc1ccccc1[N+]([O-])=O","NRB","Mansouri"
"837","2051-24-3","Clc1c(Cl)c(Cl)c(c(Cl)c1Cl)c2c(Cl)c(Cl)c(Cl)c(Cl)c2Cl","NRB","Mansouri"
"838","142-82-5","CCCCCCC","RB","Mansouri"
"839","75-21-8","C1CO1","RB","Mansouri"
"840","108-88-3","Cc1ccccc1","RB","Mansouri"
"841","111-92-2","CCCCNCCCC","RB","Mansouri"
"842","78-70-6","CC(C)=CCCC(C)(O)C=C","RB","Mansouri"
"843","112-34-5","CCCCOCCOCCO","RB","Mansouri"
"844","123-72-8","CCCC=O","RB","Mansouri"
"845","123-42-2","CC(=O)CC(C)(C)O","RB","Mansouri"
"846","1119-40-0","COC(=O)CCCC(=O)OC","RB","Mansouri"
"847","141-02-6","CCCCC(CC)COC(=O)\C=C\C(=O)OCC(CC)CCCC","RB","Mansouri"
"848","106-14-9","CCCCCCC(O)CCCCCCCCCCC(O)=O","RB","Mansouri"
"849","28623-46-3","CCCCCCCCCCCCCCCCCCC#N","RB","Mansouri"
"850","98-87-3","ClC(Cl)c1ccccc1","RB","Mansouri"
"851","90-05-1","COc1ccccc1O","RB","Mansouri"
"852","100-51-6","OCc1ccccc1","RB","Mansouri"
"853","120-14-9","COc1ccc(C=O)cc1OC","RB","Mansouri"
"854","99-94-5","Cc1ccc(cc1)C(O)=O","RB","Mansouri"
"855","99-04-7","Cc1cccc(c1)C(O)=O","RB","Mansouri"
"856","959-26-2","OCCOC(=O)c1ccc(cc1)C(=O)OCCO","RB","Mansouri"
"857","767-00-0","Oc1ccc(cc1)C#N","RB","Mansouri"
"858","104-15-4","Cc1ccc(cc1)[S](O)(=O)=O","RB","Mansouri"
"859","123-11-5","COc1ccc(C=O)cc1","RB","Mansouri"
"860","24851-98-7","CCCCCC1C(CCC1=O)CC(=O)OC","RB","Mansouri"
"861","288-32-4","[nH]1ccnc1","RB","Mansouri"
"862","109-00-2","Oc1cccnc1","RB","Mansouri"
"863","592-41-6","CCCCC=C","RB","Mansouri"
"864","75-26-3","CC(C)Br","RB","Mansouri"
"865","109-73-9","CCCCN","RB","Mansouri"
"866","36653-82-4","CCCCCCCCCCCCCCCCO","RB","Mansouri"
"867","109-86-4","COCCO","RB","Mansouri"
"868","109-60-4","CCCOC(C)=O","RB","Mansouri"
"869","112-84-5","CCCCCCCC\C=C/CCCCCCCCCCCC(N)=O","RB","Mansouri"
"870","124-04-9","OC(=O)CCCCC(O)=O","RB","Mansouri"
"871","3121-61-7","COCCOC(=O)C=C","RB","Mansouri"
"872","923-26-2","CC(O)COC(=O)C(C)=C","RB","Mansouri"
"873","110-44-1","C/C=C/C=C/C(O)=O","RB","Mansouri"
"874","97-65-4","OC(=O)CC(=C)C(O)=O","RB","Mansouri"
"875","591-60-6","CCCCOC(=O)CC(C)=O","RB","Mansouri"
"876","62-53-3","Nc1ccccc1","RB","Mansouri"
"877","2495-37-6","CC(=C)C(=O)OCc1ccccc1","RB","Mansouri"
"878","60-12-8","OCCc1ccccc1","RB","Mansouri"
"879","96-09-3","C1OC1c2ccccc2","RB","Mansouri"
"880","495-69-2","OC(=O)CNC(=O)c1ccccc1","RB","Mansouri"
"881","119-68-6","CNc1ccccc1C(O)=O","RB","Mansouri"
"882","98-55-5","CC1=CCC(CC1)C(C)(C)O","RB","Mansouri"
"883","93-55-0","CCC(=O)c1ccccc1","RB","Mansouri"
"884","520-45-6","CC(=O)C1C(=O)OC(=CC1=O)C","RB","Mansouri"
"885","87-99-0","OC[C@@H](O)[C@H](O)[C@@H](O)CO","RB","Mansouri"
"886","119-53-9","OC(c1ccccc1)C(=O)c2ccccc2","RB","Mansouri"
"887","107-95-9","NCCC(O)=O","RB","Mansouri"
"888","111-85-3","CCCCCCCCCl","RB","Mansouri"
"889","110-80-5","CCOCCO","RB","Mansouri"
"890","112-80-1","CCCCCCCC\C=C/CCCCCCCC(O)=O","RB","Mansouri"
"891","111-82-0","CCCCCCCCCCCC(=O)OC","RB","Mansouri"
"892","110-15-6","OC(=O)CCC(O)=O","RB","Mansouri"
"893","818-61-1","OCCOC(=O)C=C","RB","Mansouri"
"894","77-92-9","OC(=O)CC(O)(CC(O)=O)C(O)=O","RB","Mansouri"
"895","133-37-9","OC(C(O)C(O)=O)C(O)=O","RB","Mansouri"
"896","78-92-2","CCC(C)O","RB","Mansouri"
"897","100-21-0","OC(=O)c1ccc(cc1)C(O)=O","RB","Mansouri"
"898","140-29-4","N#CCc1ccccc1","RB","Mansouri"
"899","138-86-3","CC(=C)C1CCC(=CC1)C","RB","Mansouri"
"900","101-43-9","CC(=C)C(=O)OC1CCCCC1","RB","Mansouri"
"901","109-83-1","CNCCO","RB","Mansouri"
"902","110-97-4","CC(O)CNCC(C)O","RB","Mansouri"
"903","112-35-6","COCCOCCOCCO","RB","Mansouri"
"904","79-11-8","OC(=O)CCl","RB","Mansouri"
"905","117-84-0","CCCCCCCCOC(=O)c1ccccc1C(=O)OCCCCCCCC","RB","Mansouri"
"906","84-61-7","O=C(OC1CCCCC1)c2ccccc2C(=O)OC3CCCCC3","RB","Mansouri"
"907","135-19-3","Oc1ccc2ccccc2c1","RB","Mansouri"
"908","110-86-1","c1ccncc1","RB","Mansouri"
"909","1338-39-2","CCCCCCCCCCCC(=O)OCC(O)C1OCC(O)C1O","RB","Mansouri"
"910","306-98-9","FC(F)(F)C1(F)C(F)(F)C(F)(F)C(F)(F)C(F)(F)C1(F)C(F)(F)F","NRB","Mansouri"
"911","60-57-1","ClC1=C(Cl)[C@@]2(Cl)[C@H]3[C@H]4C[C@H]([C@@H]5O[C@H]45)[C@H]3[C@]1(Cl)C2(Cl)Cl","NRB","Mansouri"
"912","50-29-3","Clc1ccc(cc1)C(c2ccc(Cl)cc2)C(Cl)(Cl)Cl","NRB","Mansouri"
"913","3846-71-7","CC(C)(C)c1cc(n2nc3ccccc3n2)c(O)c(c1)C(C)(C)C","NRB","Mansouri"
"914","3864-99-1","CC(C)(C)c1cc(n2nc3ccc(Cl)cc3n2)c(O)c(c1)C(C)(C)C","NRB","Mansouri"
"915","76-44-8","ClC1C=CC2C1C3(Cl)C(=C(Cl)C2(Cl)C3(Cl)Cl)Cl","NRB","Mansouri"
"916","608-73-1","ClC1C(Cl)C(Cl)C(Cl)C(Cl)C1Cl","NRB","Mansouri"
"917","76-06-2","[O-][N+](=O)C(Cl)(Cl)Cl","NRB","Mansouri"
"918","3033-62-3","CN(C)CCOCCN(C)C","NRB","Mansouri"
"919","96-31-1","CNC(=O)NC","NRB","Mansouri"
"920","10222-01-2","NC(=O)C(Br)(Br)C#N","NRB","Mansouri"
"921","121-87-9","Nc1ccc(cc1Cl)[N+]([O-])=O","NRB","Mansouri"
"922","97-52-9","COc1cc(ccc1N)[N+]([O-])=O","NRB","Mansouri"
"923","2100-42-7","COc1ccc(OC)c(Cl)c1","NRB","Mansouri"
"924","3120-74-9","CSc1ccc(O)cc1C","NRB","Mansouri"
"925","17420-30-3","Nc1ccc(cc1C#N)[N+]([O-])=O","NRB","Mansouri"
"926","367-11-3","Fc1ccccc1F","NRB","Mansouri"
"927","28768-32-3","C1OC1CN(CC2CO2)c3ccc(Cc4ccc(cc4)N(CC5CO5)CC6CO6)cc3","NRB","Mansouri"
"928","2451-62-9","O=C1N(CC2CO2)C(=O)N(CC3CO3)C(=O)N1CC4CO4","NRB","Mansouri"
"929","298-81-7","COc1c2occc2cc3C=CC(=O)Oc13","NRB","Mansouri"
"930","5333-84-6","CC1=CCC2C(C1)C(=O)OC2=O","NRB","Mansouri"
"931","307-70-0","OCC(F)(F)C(F)(F)C(F)(F)C(F)(F)C(F)(F)C(F)(F)C(F)(F)C(F)(F)C(F)(F)C(F)F","NRB","Mansouri"
"932","14802-03-0","CCCCC(CC)CO[P](O)(=O)CC(CC)CCCC","NRB","Mansouri"
"933","818-08-6","CCCC[Sn](=O)CCCC","NRB","Mansouri"
"934","108-67-8","Cc1cc(C)cc(C)c1","NRB","Mansouri"
"935","622-24-2","ClCCc1ccccc1","NRB","Mansouri"
"936","95-49-8","Cc1ccccc1Cl","NRB","Mansouri"
"937","106-43-4","Cc1ccc(Cl)cc1","NRB","Mansouri"
"938","1712-70-5","CC(=C)c1ccc(Cl)cc1","NRB","Mansouri"
"939","91-66-7","CCN(CC)c1ccccc1","NRB","Mansouri"
"940","95-76-1","Nc1ccc(Cl)c(Cl)c1","NRB","Mansouri"
"941","634-93-5","Nc1c(Cl)cc(Cl)cc1Cl","NRB","Mansouri"
"942","86-30-6","O=NN(c1ccccc1)c2ccccc2","NRB","Mansouri"
"943","1323-65-5","CCCCCCCCCc1cccc(O)c1CCCCCCCCC","NRB","Mansouri"
"944","51-28-5","Oc1ccc(cc1[N+]([O-])=O)[N+]([O-])=O","NRB","Mansouri"
"945","1570-64-5","Cc1cc(Cl)ccc1O","NRB","Mansouri"
"946","95-95-4","Oc1cc(Cl)c(Cl)cc1Cl","NRB","Mansouri"
"947","1940-42-7","Oc1cc(Cl)c(Br)cc1Cl","NRB","Mansouri"
"948","30171-80-3","BrC(Br)c1ccccc1OCC2CO2","NRB","Mansouri"
"949","120-52-5","O=C(O\N=C1\C=C\C(C=C1)=N/OC(=O)c2ccccc2)c3ccccc3","NRB","Mansouri"
"950","80-43-3","CC(C)(OOC(C)(C)c1ccccc1)c2ccccc2","NRB","Mansouri"
"951","100-40-3","C=CC1CCC=CC1","NRB","Mansouri"
"952","1490-04-6","CC(C)C1CCC(C)CC1O","NRB","Mansouri"
"953","25155-23-1","Cc1cc(C)cc(O[P](=O)(Oc2cc(C)cc(C)c2)Oc3cc(C)cc(C)c3)c1","NRB","Mansouri"
"954","6165-51-1","CC(c1ccccc1)c2cc(C)ccc2C","NRB","Mansouri"
"955","599-64-4","CC(C)(c1ccccc1)c2ccc(O)cc2","NRB","Mansouri"
"956","90-13-1","Clc1cccc2ccccc12","NRB","Mansouri"
"957","2216-69-5","COc1cccc2ccccc12","NRB","Mansouri"
"958","84-47-9","CC(C)(C)c1ccc2C(=O)c3ccccc3C(=O)c2c1","NRB","Mansouri"
"959","131-09-9","Clc1ccc2C(=O)c3ccccc3C(=O)c2c1","NRB","Mansouri"
"960","91-60-1","Sc1ccc2ccccc2c1","NRB","Mansouri"
"961","86-74-8","[nH]1c2ccccc2c3ccccc13","NRB","Mansouri"
"962","32669-06-0","ClCCOC(c1ccccc1)c2ccccc2","NRB","Mansouri"
"963","3380-34-5","Oc1cc(Cl)ccc1Oc2ccc(Cl)cc2Cl","NRB","Mansouri"
"964","108-60-1","CC(CCl)OC(C)CCl","NRB","Mansouri"
"965","100-01-6","Nc1ccc(cc1)[N](=O)=O","NRB","Mansouri"
"966","134-62-3","CCN(CC)C(=O)c1cccc(C)c1","NRB","Mansouri"
"967","82-05-3","O=C1c2ccccc2c3cccc4cccc1c34","NRB","Mansouri"
"968","947-04-6","O=C1CCCCCCCCCCCN1","NRB","Mansouri"
"969","95-16-9","s1cnc2ccccc12","NRB","Mansouri"
"970","78-87-5","CC(Cl)CCl","NRB","Mansouri"
"971","678-39-7","OCCC(F)(F)C(F)(F)C(F)(F)C(F)(F)C(F)(F)C(F)(F)C(F)(F)C(F)(F)F","NRB","Mansouri"
"972","1085-98-9","CN(C)[S](=O)(=O)N(SC(F)(Cl)Cl)c1ccccc1","NRB","Mansouri"
"973","208-96-8","c1cc2cccc3C=Cc(c1)c23","NRB","Mansouri"
"974","76-83-5","ClC(c1ccccc1)(c2ccccc2)c3ccccc3","NRB","Mansouri"
"975","102-71-6","OCCN(CCO)CCO","NRB","Mansouri"
"976","51-79-6","CCOC(N)=O","NRB","Mansouri"
"977","60-51-5","CNC(=O)CS[P](=S)(OC)OC","NRB","Mansouri"
"978","26603-23-6","CCCCCCCCc1ccccc1Nc2ccccc2CCCCCCCC","NRB","Mansouri"
"979","101-67-7","CCCCCCCCc1ccc(Nc2ccc(CCCCCCCC)cc2)cc1","NRB","Mansouri"
"980","88-19-7","Cc1ccccc1[S](N)(=O)=O","NRB","Mansouri"
"981","26967-76-0","CC(C)c1ccc(O[P](=O)(Oc2ccc(cc2)C(C)C)Oc3ccc(cc3)C(C)C)cc1","NRB","Mansouri"
"982","98-10-2","N[S](=O)(=O)c1ccccc1","NRB","Mansouri"
"983","25134-21-8","CC1=CC2CC1C3C2C(=O)OC3=O","NRB","Mansouri"
"984","84-57-1","CC1=NN(C(=O)C1)c2cc(Cl)c(cc2Cl)[S](O)(=O)=O","NRB","Mansouri"
"985","96-45-7","S=C1NCCN1","NRB","Mansouri"
"986","100-26-5","OC(=O)c1ccc(nc1)C(O)=O","NRB","Mansouri"
"987","110-91-8","C1COCCN1","NRB","Mansouri"
"988","839-90-7","OCCN1C(=O)N(CCO)C(=O)N(CCO)C1=O","NRB","Mansouri"
"989","5124-25-4","[O-][N+](=O)c1cc(ccc1Nc2ccccc2)[S](=O)(=O)Nc3ccccc3","NRB","Mansouri"
"990","2814-20-2","CC(C)C1=NC(=O)C=C(C)N1","NRB","Mansouri"
"991","542-75-6","ClCC=CCl","NRB","Mansouri"
"992","5332-73-0","COCCCN","NRB","Mansouri"
"993","2680-03-7","CN(C)C(=O)C=C","NRB","Mansouri"
"994","111-94-4","N#CCCNCCC#N","NRB","Mansouri"
"995","137-26-8","CN(C)C(=S)SSC(=S)N(C)C","NRB","Mansouri"
"996","13674-87-8","ClCC(CCl)O[P](=O)(OC(CCl)CCl)OC(CCl)CCl","NRB","Mansouri"
"997","598-09-4","CC1(CCl)CO1","NRB","Mansouri"
"998","102-60-3","CC(O)CN(CCN(CC(C)O)CC(C)O)CC(C)O","NRB","Mansouri"
"999","100-61-8","CNc1ccccc1","NRB","Mansouri"
"1000","579-10-2","CN(C(C)=O)c1ccccc1","NRB","Mansouri"
"1001","74-31-7","N(c1ccccc1)c2ccc(Nc3ccccc3)cc2","NRB","Mansouri"
"1002","103-83-3","CN(C)Cc1ccccc1","NRB","Mansouri"
"1003","81-15-2","Cc1c(c(C)c(c(c1[N+]([O-])=O)C(C)(C)C)[N+]([O-])=O)[N+]([O-])=O","NRB","Mansouri"
"1004","88-60-8","Cc1ccc(c(O)c1)C(C)(C)C","NRB","Mansouri"
"1005","1836-75-5","[O-][N+](=O)c1ccc(Oc2ccc(Cl)cc2Cl)cc1","NRB","Mansouri"
"1006","555-03-3","COc1cccc(c1)[N+]([O-])=O","NRB","Mansouri"
"1007","96-96-8","COc1ccc(N)c(c1)[N+]([O-])=O","NRB","Mansouri"
"1008","106-48-9","Oc1ccc(Cl)cc1","NRB","Mansouri"
"1009","25155-25-3","CC(C)(C)OOC(C)(C)c1ccc(cc1)C(C)(C)OOC(C)(C)C","NRB","Mansouri"
"1010","5405-84-5","CC1(C)C2CCC(C)(OO)C1C2","NRB","Mansouri"
"1011","873-94-9","CC1CC(=O)CC(C)(C)C1","NRB","Mansouri"
"1012","26140-60-3","c1ccc(cc1)c2ccc(cc2)c3ccccc3","NRB","Mansouri"
"1013","90-12-0","Cc1cccc2ccccc12","NRB","Mansouri"
"1014","620-92-8","Oc1ccc(Cc2ccc(O)cc2)cc1","NRB","Mansouri"
"1015","5809-23-4","CCN(CC)c1ccc(c(O)c1)C(=O)c2ccccc2C(O)=O","NRB","Mansouri"
"1016","2173-57-1","CC(C)COc1ccc2ccccc2c1","NRB","Mansouri"
"1017","117-62-4","Nc1ccc2c(cccc2[S](O)(=O)=O)c1[S](O)(=O)=O","NRB","Mansouri"
"1018","91-17-8","C1CCC2CCCCC2C1","NRB","Mansouri"
"1019","26896-48-0","OCC1CC23CCC1(CC2)CC3CO","NRB","Mansouri"
"1020","120-12-7","c1ccc2cc3ccccc3cc2c1","NRB","Mansouri"
"1021","117-79-3","Nc1ccc2C(=O)c3ccccc3C(=O)c2c1","NRB","Mansouri"
"1022","14233-37-5","CC(C)Nc1ccc(NC(C)C)c2C(=O)c3ccccc3C(=O)c12","NRB","Mansouri"
"1023","95-14-7","[nH]1nc2ccccc2n1","NRB","Mansouri"
"1024","57-41-0","O=C1NC(=O)C(N1)(c2ccccc2)c3ccccc3","NRB","Mansouri"
"1025","62-55-5","CC(N)=S","NRB","Mansouri"
"1026","79-27-6","BrC(Br)C(Br)Br","NRB","Mansouri"
"1027","306-83-2","FC(F)(F)C(Cl)Cl","NRB","Mansouri"
"1028","760-23-6","ClCC(Cl)C=C","NRB","Mansouri"
"1029","311-89-7","FC(F)(F)C(F)(F)C(F)(F)C(F)(F)N(C(F)(F)C(F)(F)C(F)(F)C(F)(F)F)C(F)(F)C(F)(F)C(F)(F)C(F)(F)F","NRB","Mansouri"
"1030","111-44-4","ClCCOCCCl","NRB","Mansouri"
"1031","109-59-1","CC(C)OCCO","NRB","Mansouri"
"1032","5435-64-3","CC(CC=O)CC(C)(C)C","NRB","Mansouri"
"1033","75-87-6","ClC(Cl)(Cl)C=O","NRB","Mansouri"
"1034","3061-75-4","CCCCCCCCCCCCCCCCCCCCCC(N)=O","NRB","Mansouri"
"1035","868-85-9","CO[PH](=O)OC","NRB","Mansouri"
"1036","2528-38-3","CCCCCO[P](=O)(OCCCCC)OCCCCC","NRB","Mansouri"
"1037","335-67-1","OC(=O)C(F)(F)C(F)(F)C(F)(F)C(F)(F)C(F)(F)C(F)(F)C(F)(F)F","NRB","Mansouri"
"1038","95-63-6","Cc1ccc(C)c(C)c1","NRB","Mansouri"
"1039","87-83-2","Cc1c(Br)c(Br)c(Br)c(Br)c1Br","NRB","Mansouri"
"1040","106-50-3","Nc1ccc(N)cc1","NRB","Mansouri"
"1041","122-80-5","CC(=O)Nc1ccc(N)cc1","NRB","Mansouri"
"1042","2219-82-1","Cc1cccc(c1O)C(C)(C)C","NRB","Mansouri"
"1043","527-60-6","Cc1cc(C)c(O)c(C)c1","NRB","Mansouri"
"1044","1879-09-0","Cc1cc(C)c(O)c(c1)C(C)(C)C","NRB","Mansouri"
"1045","615-74-7","Cc1ccc(Cl)c(O)c1","NRB","Mansouri"
"1046","1073-72-9","CSc1ccc(O)cc1","NRB","Mansouri"
"1047","80-54-6","CC(Cc1ccc(cc1)C(C)(C)C)C=O","NRB","Mansouri"
"1048","534-52-1","Cc1cc(cc(c1O)[N+]([O-])=O)[N+]([O-])=O","NRB","Mansouri"
"1049","14816-18-3","CCO[P](=S)(OCC)O\N=C(/C#N)c1ccccc1","NRB","Mansouri"
"1050","840-65-3","COC(=O)c1ccc2cc(ccc2c1)C(=O)OC","NRB","Mansouri"
"1051","826-36-8","CC1(C)CC(=O)CC(C)(C)N1","NRB","Mansouri"
"1052","40220-08-4","C=CC(=O)OCCN1C(=O)N(CCOC(=O)C=C)C(=O)N(CCOC(=O)C=C)C1=O","NRB","Mansouri"
"1053","40690-89-9","O=C(OCCN(CCC#N)c1ccc(cc1)N=Nc2ccc(cc2)[N](=O)=O)c3ccccc3","NRB","Mansouri"
"1054","12239-87-1","Clc1cccc2C3=NC4=NC(=Nc5n6[Cu]N3C(=NC7=NC(=Nc6c8ccccc58)c9ccccc79)c12)c%10ccccc4%10","NRB","Mansouri"
"1055","25512-42-9","Clc1ccccc1c2ccccc2Cl","NRB","Mansouri"
